image_filename,product_name,description,brand,color,size,price,season
기타하의_0001.jpg,와이드 밴딩 카고 팬츠,"허리 밴딩으로 착용감이 편안하며, 와이드 핏과 카고 포켓 디자인이 스트릿 스타일을 연출하기 좋은 검은색 팬츠입니다.",스튜디오 베이직,블랙,"S, M, L",79000,"봄, 가을"
기타하의_0002.jpg,새터 코듀로이 카고 팬츠,"따뜻한 코듀로이 소재를 사용하여 보온성이 좋고, 넉넉한 카고 포켓이 실용적이면서도 빈티지한 무드를 더해주는 검은색 팬츠입니다.",새터,블랙,"M, L",128000,"가을, 겨울"
기타하의_0003.jpg,로우라이즈 골지 와이드 팬츠,"부드러운 골지 원단이 몸에 편안하게 밀착되며, 로우라이즈 디자인과 와이드 핏이 다리를 길어 보이게 하는 세련된 라운지웨어 팬츠입니다.",벨벳 뮤즈,블랙,"S, M, L",65000,"봄, 가을, 겨울"
기타하의_0004.jpg,나일론 테크 카고 팬츠,"가벼운 나일론 소재와 절개 디테일이 특징인 테크웨어 스타일의 카고 팬츠로, 활동성이 좋고 아웃도어 룩에도 잘 어울립니다.",테크 스탠다드,카키 그린,"M, L",145000,"봄, 가을"
기타하의_0005.jpg,스트라이프 부클 니트 팬츠,"푹신하고 따뜻한 부클 니트 소재로 제작되어 한겨울에도 포근하며, 브라운 스트라이프 패턴이 귀여운 포인트를 주는 와이드 팬츠입니다.",코지 윈터,브라운 스트라이프,"S, M, L",89000,겨울
기타하의_0006.jpg,와이드 스웨트 팬츠,"탄탄한 면 소재의 스웨트 팬츠로, 허리 스트링과 와이드 핏 디자인 덕분에 체형에 구애받지 않고 편안하게 데일리로 입기 좋습니다.",데일리 스탠다드,멜란지 그레이,"S, M, L",58000,"봄, 가을, 겨울"
기타하의_0007.jpg,(셋업) 와이드 스웨트 팬츠,"부드러운 파스텔톤의 하늘색이 돋보이는 와이드 스웨트 팬츠로, 같은 색상의 후드 집업과 셋업으로 착용하여 원마일웨어로 연출하기 좋습니다.",엔젤 블루,스카이 블루,"S, M",72000,"봄, 가을"
기타하의_0008.jpg,(2-way) 컨버터블 카고 팬츠,"무릎 부분의 지퍼를 열어 반바지로도 활용 가능한 2-way 컨버터블 팬츠로, 가벼운 나일론 소재와 카고 포켓이 아웃도어 활동에 최적화된 디자인입니다.",아웃도어 서플라이,베이지,"M, L",119000,"봄, 여름, 가을"
기타하의_0009.jpg,캐시미어 니트 팬츠 셋업,"고급스러운 캐시미어 혼방 소재로 만들어져 매우 부드럽고 따뜻하며, 후드 집업과 세트로 구성되어 편안하면서도 고급스러운 라운지룩을 완성합니다.",뉴욕 플래닛,블랙,"S, M, L",218000,"가을, 겨울"
기타하의_0010.jpg,와이드 울 니트 팬츠,"도톰한 울 혼방 니트 소재로 보온성을 높인 와이드 팬츠로, 차콜 색상이 차분하면서도 세련된 느낌을 주어 겨울철 데일리룩으로 적합합니다.",모노 무드,차콜,"S, M",135000,"가을, 겨울"
기타하의_0011.jpg,스트라이프 니트 와이드 팬츠,"부드러운 니트 소재로 착용감이 매우 편안하며, 와이드 핏이라 데일리로 입기 좋습니다. 그린과 네이비 스트라이프 패턴이 캐주얼한 포인트를 줍니다.",데일리 코지,그린 스트라이프,"S, M, L",69000,"봄, 가을"
기타하의_0012.jpg,투턱 울 와이드 팬츠,"도톰한 울 소재로 보온성이 뛰어나며, 전면의 투턱 주름이 넉넉하고 스타일리시한 실루엣을 만듭니다. 포멀하거나 미니멀한 룩에 잘 어울립니다.",모노크롬,차콜 그레이,"S, M",148000,"가을, 겨울"
기타하의_0013.jpg,스커트 레이어드 부츠컷 팬츠,"미니스커트와 부츠컷 팬츠가 결합된 유니크한 디자인입니다. 밑단의 플레어 핏이 다리를 길어 보이게 하며, 스커트 부분의 질감 디테일이 시크한 스타일을 연출합니다.",시크 아카이브,차콜,"S, M",115000,"봄, 가을"
기타하의_0014.jpg,로고 와이드 스웨트 팬츠,"베이직한 디자인의 와이드 스웨트 팬츠입니다. 탄탄한 면 소재로 착용감이 편안하며, 원마일웨어는 물론 데일리 캐주얼룩으로 활용하기 좋습니다. 작은 로고 패치가 미니멀한 포인트가 됩니다.",데일리 스탠다드,블랙,"S, M, L",58000,"봄, 가을, 겨울"
기타하의_0015.jpg,퀼팅 패딩 팬츠,"퀼팅 충전재가 들어간 패딩 팬츠로, 가벼우면서도 뛰어난 보온성을 제공합니다. 겨울철 캠핑이나 하이킹 등 아웃도어 활동에 최적화된 디자인이며, 물결무늬 퀼팅이 스타일리시합니다.",아웃도어 기어,올리브 그린,"M, L",139000,겨울
기타하의_0016.jpg,캐시미어 와이드 니트 팬츠,"부드러운 캐시미어 혼방 소재로 착용감이 매우 편안하고 따뜻합니다. 와이드 핏과 허리 스트링으로 편안한 라운지웨어로 적합하며, 고급스러운 데일리룩을 연출하기에도 좋습니다.",르 캐시미어,라이트 그레이,"S, M, L",198000,"가을, 겨울"
기타하의_0017.jpg,와이드 레더 팬츠,"광택감이 도는 인조 가죽 소재가 돋보이는 팬츠입니다. 바닥까지 내려오는 와이드 핏이 트렌디하며, 단번에 시크하고 힙한 스타일을 연출할 수 있는 아이템입니다.",글램 팩토리,브라운,"S, M",105000,"봄, 가을"
기타하의_0018.jpg,베이직 와이드 팬츠,"장식적인 요소를 배제한 미니멀한 디자인의 와이드 팬츠입니다. 허리 스트링이 없는 깔끔한 핏으로, 캐주얼룩은 물론 세미 포멀룩에도 쉽게 매치할 수 있는 기본 아이템입니다.",미니멀 스탠다드,블랙,"S, M, L",64000,"봄, 가을"
기타하의_0019.jpg,(2-way) 와이드 카고 팬츠,"매우 넓은 통의 파라슈트 팬츠 디자인입니다. 무릎 부분의 디테일과 커다란 카고 포켓이 특징이며, 테크웨어나 Y2K 스트릿 스타일을 연출하기 좋은 아이템입니다.",테크 앤드 펑크,블랙,"S, M, L",123000,"봄, 가을"
기타하의_0020.jpg,퍼티그 카고 팬츠,"클래식한 디자인의 올리브색 카고 팬츠입니다. 튼튼한 면 소재와 넉넉한 사이드 포켓으로 실용성이 높으며, 여유 있는 와이드 핏이 캐주얼룩이나 워크웨어룩에 두루 어울립니다.",어센틱 웨어,올리브,"M, L",88000,"봄, 가을, 겨울"
기타하의_0021.jpg,플리스 와이드 팬츠,"부드러운 플리스 소재로 제작되어 매우 따뜻하고 포근한 착용감을 제공합니다. 넉넉한 와이드 핏이라 활동하기 편하며, 겨울철 캐주얼룩이나 라운지웨어로 좋습니다.",엄브로,라이트 블루,"S, M, L",95000,겨울
기타하의_0022.jpg,위장 패턴 카고 팬츠,"독특한 위장 패턴이 돋보이는 카고 팬츠로, 스트릿 무드를 연출하기 좋습니다. 허리 스트링과 넉넉한 핏으로 편안하게 착용할 수 있으며, 힙한 스타일링에 활용하기 좋습니다.",와일드 어반,카모플라쥬,"M, L",88000,"봄, 가을"
기타하의_0023.jpg,벨벳 부츠컷 팬츠,부드러운 벨벳 소재로 제작되어 고급스러운 광택감과 포근한 착용감을 선사합니다. 다리 라인을 따라 자연스럽게 퍼지는 부츠컷 디자인이 세련된 실루엣을 연출합니다.,에르메스 로사,브라운,"S, M",98000,"가을, 겨울"
기타하의_0024.jpg,레이어드 스커트 와이드 팬츠,"스커트와 팬츠가 결합된 독특한 디자인의 와이드 팬츠입니다. 루즈한 핏과 드레이프 디테일이 스타일리시하며, 캐주얼하면서도 개성 있는 데일리룩을 완성합니다.",유니크 모드,차콜,"S, M, L",120000,"봄, 가을"
기타하의_0025.jpg,슬림핏 밴딩 팬츠,"깔끔한 디자인의 슬림핏 밴딩 팬츠로, 허리 밴딩이 편안한 착용감을 제공합니다. 군더더기 없는 실루엣이 활동성을 높여주며, 데일리룩이나 가벼운 운동 시 착용하기 좋습니다.",액티브 핏,블랙,"S, M, L",75000,사계절
기타하의_0026.jpg,아디다스 테렉스 카고 팬츠,"아디다스 테렉스 라인의 카고 팬츠로, 견고한 소재와 기능성 디자인이 아웃도어 활동에 최적화되어 있습니다. 넉넉한 포켓과 편안한 핏이 특징입니다.",아디다스 테렉스,블랙,"M, L",159000,사계절
기타하의_0027.jpg,퀼팅 패딩 팬츠 셋업,"퀼팅 디테일이 돋보이는 패딩 팬츠로, 뛰어난 보온성과 포근한 착용감을 제공합니다. 같은 디자인의 아우터와 셋업으로 연출하여 트렌디한 겨울 스타일을 완성할 수 있습니다.",웜 코지,베이지,"S, M",110000,겨울
기타하의_0028.jpg,파이즘 레터링 부츠컷 팬츠,"다리 라인을 아름답게 살려주는 부츠컷 디자인의 팬츠입니다. 허벅지는 슬림하게 잡아주고 밑단은 자연스럽게 퍼져 세련된 느낌을 주며, 옆면의 레터링 프린트가 유니크한 포인트입니다.",파이즘,블랙,"S, M",89000,"봄, 가을"
기타하의_0029.jpg,플리츠 스커트 레이어드 팬츠,"미니 플리츠 스커트가 레이어드된 독특한 디자인의 부츠컷 팬츠입니다. 스터드 장식이 힙한 무드를 더해주며, 개성 있는 스트릿 스타일을 연출하기 좋습니다.",펑크 시크,블랙,"S, M, L",105000,"봄, 가을"
기타하의_0030.jpg,플랩 포켓 체크 와이드 팬츠,"클래식한 체크 패턴이 돋보이는 와이드 팬츠로, 허리 부분에 독특한 플랩 디테일이 있어 포멀하면서도 세련된 느낌을 줍니다. 편안한 착용감과 함께 개성 있는 스타일을 연출하기 좋습니다.",체크 메이트,그레이 체크,"S, M, L",130000,"가을, 겨울"
기타하의_0031.jpg,(2-way) 컨버터블 나일론 팬츠,무릎 부분의 지퍼로 분리가 가능해 긴바지와 반바지 두 가지로 활용할 수 있는 2-way 팬츠입니다. 가벼운 나일론 소재로 제작되어 아웃도어 활동이나 여름철에 입기 좋습니다.,어반 테크,블랙,"M, L",132000,"봄, 여름, 가을"
기타하의_0032.jpg,나일론 벨티드 이지 팬츠,"허리에 버클이 달린 벨트가 내장되어 있어 사이즈 조절이 용이한 나일론 팬츠입니다. 넉넉하고 편안한 핏으로 캠핑, 등산 등 아웃도어 활동은 물론 데일리로도 좋습니다.",아웃도어 스탠다드,블랙,"S, M, L",89000,"봄, 가을"
기타하의_0033.jpg,벨루어 트랙 팬츠,"부드러운 벨루어(벨벳) 소재로 제작되어 착용감이 뛰어나며, 핑크색 허리 밴드 배색이 키치한 포인트를 줍니다. 편안하면서도 Y2K 무드의 스타일을 연출하기 좋습니다.",디즈니,화이트,"S, M",99000,"봄, 가을, 겨울"
기타하의_0034.jpg,코듀로이 부츠컷 팬츠,"따뜻한 코듀로이 소재로 제작된 부츠컷 팬츠입니다. 슬림한 핏과 밑단으로 갈수록 퍼지는 실루엣이 다리를 길어 보이게 하며, 가을과 겨울철 데일리룩으로 적합합니다.",레트로 무드,다크 브라운,"S, M, L",76000,"가을, 겨울"
기타하의_0035.jpg,스트레이트핏 트레이닝 팬츠,절개 라인 디테일이 돋보이는 스트레이트 핏 트레이닝 팬츠입니다. 신축성 좋은 소재와 편안한 핏으로 가벼운 운동이나 스포츠 활동 시 착용하기 좋습니다.,액티브 라이프,올리브,"M, L",85000,"봄, 가을"
기타하의_0036.jpg,카모플라쥬 와이드 데님 팬츠,"힙한 무드의 카모플라쥬 패턴이 특징인 와이드 데님 팬츠입니다. 뒷면의 스터드와 레터링 디테일이 펑크한 스타일을 강조하며, 넉넉한 핏이 스트릿룩에 잘 어울립니다.",펑크 로얄,카모플라쥬,"S, M",148000,"봄, 가을"
기타하의_0037.jpg,워시드 데님 팬츠,"자연스러운 워싱감이 돋보이는 릴렉스핏 데님 팬츠입니다. 전면의 핀턱 디테일이 실루엣을 잡아주며, 로고 자수가 캐주얼한 포인트를 줍니다.",노스페이스,블랙 데님,"M, L",139000,사계절
기타하의_0038.jpg,코듀로이 플레어 팬츠,"따뜻한 브라운 컬러의 코듀로이 팬츠로, 허리부터 무릎까지 슬림하게 맞다가 밑단이 퍼지는 플레어 핏입니다. 레트로한 무드를 연출하기 좋은 아이템입니다.",어텀 브리즈,브라운,"S, M",82000,"가을, 겨울"
기타하의_0039.jpg,타탄 체크 와이드 팬츠,"그린과 네이비 컬러 조합의 타탄 체크 패턴이 매력적인 와이드 팬츠입니다. 허리 밴딩과 스트링으로 편안하게 착용할 수 있으며, 홈웨어 또는 원마일웨어로 좋습니다.",체크 포인트,그린 체크,"S, M, L",59000,"가을, 겨울"
기타하의_0040.jpg,벨티드 카고 팬츠,"허리에 내장된 벨트와 깔끔한 카고 포켓 디자인이 특징인 팬츠입니다. 테이퍼드 핏으로 다리 라인을 깔끔하게 잡아주며, 캐주얼룩이나 아웃도어룩에 모두 잘 어울립니다.",캐주얼 스탠다드,라이트 베이지,"M, L",93000,"봄, 가을"
긴소매티셔츠_0001.jpg,베이직 롱슬리브 티셔츠,"부드러운 면 소재로 제작되어 착용감이 편안하며, 어떤 하의와도 잘 어울리는 기본 라운드넥 긴팔 티셔츠입니다. 데일리룩으로 활용도가 높습니다.",데일리 라운드,라이트 그레이,"S, M",35000,사계절
긴소매티셔츠_0002.jpg,하프 집업 골지 플리스 맨투맨,"도톰한 골지 플리스 소재로 보온성이 뛰어나며, 하프 집업 디자인으로 활동성을 높였습니다. 넥 라인과 어깨의 절개 디테일이 스포티한 느낌을 줍니다.",웜 액티브,라이트 카키,"M, L",89000,"가을, 겨울"
긴소매티셔츠_0003.jpg,롤라롤라 레터링 헨리넥 티셔츠,"전면에 롤라롤라 로고가 프린트된 헨리넥 긴팔 티셔츠입니다. 소매 배색 디자인이 캐주얼한 포인트를 주며, 데님이나 스커트와 매치하기 좋습니다.",롤라롤라,그레이/차콜,"S, M",59000,"봄, 가을"
긴소매티셔츠_0004.jpg,스트라이프 오버핏 롱슬리브 티셔츠,"루즈한 오버핏으로 제작되어 편안하게 착용하기 좋은 스트라이프 긴팔 티셔츠입니다. 부드러운 소재감이 특징이며, 데일리룩에 캐주얼한 무드를 더해줍니다.",이지웨어,블루 스트라이프,"S, M, L",45000,사계절
긴소매티셔츠_0005.jpg,피그먼트 워싱 스웨트 셔츠,"빈티지한 피그먼트 워싱 처리로 자연스러운 컬러감이 돋보이는 맨투맨입니다. 루즈핏 디자인과 뒷면의 독특한 절개 라인이 특징이며, 편안하면서도 스타일리시합니다.",어반 빈티지,더스티 퍼플,"M, L",78000,"봄, 가을"
긴소매티셔츠_0006.jpg,베이직 로고 롱슬리브 티셔츠 3팩,"부드러운 면 소재의 기본 라운드넥 긴팔 티셔츠 3종 세트입니다. 작은 로고 자수가 미니멀한 포인트를 주며, 블랙, 화이트, 그레이 세 가지 컬러로 구성되어 활용도가 높습니다.",베이직 라운드,"블랙, 화이트, 그레이","S, M, L",75000,사계절
긴소매티셔츠_0007.jpg,슬림핏 후드 헨리넥 티셔츠,"몸에 슬림하게 핏되는 후드 헨리넥 긴팔 티셔츠입니다. 신축성 좋은 소재로 활동성이 뛰어나며, 로고 프린트가 스포티한 느낌을 줍니다. 미니 스커트와 매치하여 발랄한 룩을 연출하기 좋습니다.",로부손,블랙,"S, M",68000,"봄, 가을"
긴소매티셔츠_0008.jpg,스포츠 롱슬리브 티셔츠,흡습속건 기능성 소재로 제작되어 땀을 빠르게 흡수하고 건조시키는 스포츠 긴팔 티셔츠입니다. 가볍고 신축성이 좋아 운동 시 편안하게 착용할 수 있습니다.,액티브 웨어,라이트 그레이,"S, M, L",49000,사계절
긴소매티셔츠_0009.jpg,혼다 로고 스웻 셔츠,"전면에 혼다 로고가 크게 프린트된 스포티한 스웻 셔츠입니다. 레트로 무드의 배색 디자인이 특징이며, 편안한 오버핏으로 캐주얼룩에 포인트를 주기 좋습니다.",혼다,블랙/그레이,"M, L",95000,"봄, 가을"
긴소매티셔츠_0010.jpg,슬림핏 라운드넥 롱슬리브 티셔츠,"부드러운 소재로 몸에 자연스럽게 핏되는 기본 라운드넥 긴팔 티셔츠입니다. 단독으로 입거나 레이어드하여 다양한 스타일을 연출하기 좋으며, 데일리 아이템으로 활용도가 높습니다.",마이 데일리,올리브 그린,"S, M",42000,사계절
긴소매티셔츠_0011.jpg,그래픽 슬림핏 가디건,"유니크한 그래픽 프린트가 돋보이는 슬림핏 가디건입니다. 부드러운 소재와 몸에 밀착되는 디자인이 여성스러운 실루엣을 연출하며, 캐주얼하면서도 개성 있는 스타일링에 좋습니다.",비바 스튜디오,블랙/레드,"S, M, L",78000,"봄, 가을"
긴소매티셔츠_0012.jpg,와플 텍스처 롱슬리브 티셔츠 4팩,"와플 조직의 면 소재로 제작되어 캐주얼하면서도 편안한 긴팔 티셔츠입니다. 오버록 스티치 디테일이 스포티한 느낌을 주며, 다양한 컬러로 구성되어 활용도가 높습니다.",웨어러블,라이트 그린 외,"S, M, L",98000,사계절
긴소매티셔츠_0013.jpg,노티카 로고 플리스 스냅 스웨트셔츠,"도톰한 플리스 소재로 보온성이 뛰어나며, 스냅 버튼 여밈과 노티카 로고 자수가 캐주얼한 스웨트셔츠입니다. 카모플라쥬 팬츠와 매치하여 빈티지 아웃도어 룩을 연출하기 좋습니다.",노티카,브라운,"M, L",115000,"가을, 겨울"
긴소매티셔츠_0014.jpg,럭키 레이어드 롱슬리브 티셔츠,"루즈핏 래글런 긴팔 티셔츠로, 화이트와 네이비 컬러 배색이 스포티한 느낌을 줍니다. 허벅지를 덮는 긴 기장으로 레깅스나 숏츠와 함께 편안하게 착용하기 좋습니다.",럭키 클럽,화이트/네이비,"S, M, L",49000,사계절
긴소매티셔츠_0015.jpg,그래픽 래글런 롱슬리브 티셔츠,"빈티지한 워싱감과 전면 그래픽 프린트가 돋보이는 래글런 긴팔 티셔츠입니다. 루즈한 핏으로 편안하게 착용하기 좋으며, 데님 팬츠와 매치하여 캐주얼한 스트릿룩을 연출하기 좋습니다.",레트로 바이브,핑크/아이보리,"S, M",65000,"봄, 가을"
긴소매티셔츠_0016.jpg,베이직 라운드넥 롱슬리브 티셔츠,부드러운 터치감의 베이직 라운드넥 긴팔 티셔츠입니다. 미니멀한 디자인과 깔끔한 핏으로 단품 또는 레이어드하여 사계절 내내 활용하기 좋은 아이템입니다.,모던 클래식,차콜 그레이,"M, L",39000,사계절
긴소매티셔츠_0017.jpg,플라워 프린트 셔링 롱슬리브 티셔츠,"옆선 셔링 디테일로 볼륨감 있는 실루엣을 연출하는 긴팔 티셔츠입니다. 전면의 플라워 프린트가 여성스러운 포인트를 주며, 블랙 컬러로 시크한 룩에도 잘 어울립니다.",그린 랩,블랙,"S, M",55000,"봄, 가을"
긴소매티셔츠_0018.jpg,슬림핏 헨리넥 롱슬리브 티셔츠,"몸에 슬림하게 핏되는 헨리넥 긴팔 티셔츠입니다. 버튼 디테일이 캐주얼한 포인트를 주며, 소매 배색과 얇은 소재감으로 가볍게 착용하기 좋습니다.",핏 액티브,차콜,"S, M",48000,"봄, 가을"
긴소매티셔츠_0019.jpg,그래픽 오버핏 롱슬리브 티셔츠,전면에 유니크한 그래픽 프린트가 크게 들어간 오버핏 긴팔 티셔츠입니다. 루즈한 핏과 힙한 디자인으로 캐주얼하고 개성 있는 데일리룩을 연출하기 좋습니다.,이스케이프 06,화이트,"S, M, L",69000,사계절
긴소매티셔츠_0020.jpg,스포츠 라인 배색 롱슬리브 티셔츠,"몸에 밀착되는 슬림핏 스포츠 긴팔 티셔츠입니다. 신축성 좋은 기능성 소재와 측면의 라인 배색이 활동성을 높여주며, 요가, 필라테스 등 운동 시 착용하기 적합합니다.",바디 핏,블랙,"S, M, L",55000,사계절
긴소매티셔츠_0021.jpg,베이직 터틀넥 롱슬리브 티셔츠,"부드러운 소재로 제작되어 착용감이 편안하며, 깔끔한 터틀넥 디자인이 미니멀한 룩을 연출하기 좋습니다. 단품으로 입거나 레이어드하여 다양한 스타일링이 가능합니다.",모던 무드,블랙,"M, L",49000,"가을, 겨울"
긴소매티셔츠_0022.jpg,그래픽 피그먼트 롱슬리브 티셔츠,"빈티지한 피그먼트 워싱 처리와 우주 테마 그래픽 프린트가 돋보이는 오버핏 긴팔 티셔츠입니다. 루즈한 핏으로 편안하게 착용하기 좋으며, 스트릿 캐주얼룩에 잘 어울립니다.",필루미네이트,카키 그레이,"M, L",79000,"봄, 가을"
긴소매티셔츠_0023.jpg,슬림핏 스트라이프 헨리넥 티셔츠,"몸에 슬림하게 핏되는 스트라이프 헨리넥 긴팔 티셔츠입니다. 여러 줄의 가느다란 스트라이프 패턴이 특징이며, 데님과 함께 캐주얼하게 연출하기 좋습니다.",레트로 바이브,"베이지 스트라이프, 그레이 스트라이프","S, M",58000,"봄, 가을"
긴소매티셔츠_0024.jpg,레이스 시스루 터틀넥 티셔츠,"섬세한 레이스 소재로 제작된 시스루 터틀넥 티셔츠입니다. 프릴 디테일이 여성스러운 분위기를 더해주며, 레이어드하여 스타일리시한 룩을 연출하기 좋습니다.",로맨틱 무드,아이보리,"S, M, L",65000,"봄, 가을"
긴소매티셔츠_0025.jpg,1988 그래픽 오버핏 롱슬리브 티셔츠,전면에 '1988' 그래픽 프린트가 크게 들어간 오버핏 긴팔 티셔츠입니다. 루즈한 핏과 빈티지한 프린트가 스트릿 캐주얼룩에 포인트를 줍니다.,바앤게이트,블랙,"S, M, L",69000,사계절
긴소매티셔츠_0026.jpg,오프숄더 넥 스트랩 니트 티셔츠,"어깨를 드러내는 오프숄더 디자인과 넥 스트랩 디테일이 유니크한 니트 티셔츠입니다. 얇은 니트 소재로 제작되어 봄, 가을에 입기 좋으며, 여성스럽고 섹시한 룩을 연출합니다.",시크 로맨스,라벤더,"S, M",72000,"봄, 가을"
긴소매티셔츠_0027.jpg,베이직 오버핏 롱슬리브 티셔츠,"군더더기 없는 미니멀한 디자인의 오버핏 긴팔 티셔츠입니다. 부드러운 면 소재로 제작되어 편안하게 착용하기 좋으며, 다양한 스타일에 활용하기 좋은 기본 아이템입니다.",에센셜 웨어,블랙,"S, M, L",42000,사계절
긴소매티셔츠_0028.jpg,레이어드 넘버 그래픽 롱슬리브 티셔츠,"마치 두 벌을 겹쳐 입은 듯한 레이어드 디자인의 긴팔 티셔츠입니다. 전면의 숫자 그래픽 프린트가 돋보이며, 스트릿 캐주얼룩에 힙한 무드를 더해줍니다.",스컬튜스,블랙/차콜,"M, L",78000,"봄, 가을"
긴소매티셔츠_0029.jpg,오프숄더 골지 롱슬리브 티셔츠,"부드러운 골지 소재의 오프숄더 긴팔 티셔츠입니다. 어깨 라인을 드러내 여성스러운 느낌을 주며, 슬림하게 핏되어 날씬한 실루엣을 연출합니다. 단독 또는 이너로 활용하기 좋습니다.",소프트 무드,올리브 그린,"S, M",45000,"봄, 가을"
긴소매티셔츠_0030.jpg,레이어드 라운드넥 롱슬리브 티셔츠,"밑단이 마치 레이어드한 것처럼 디자인된 라운드넥 긴팔 티셔츠입니다. 부드러운 소재와 슬림한 핏으로 단독 또는 이너로 활용하기 좋으며, 미니멀하면서도 스타일리시합니다.",레이어드 시크,차콜/핑크,"S, M",52000,"봄, 가을"
긴소매티셔츠_0031.jpg,기능성 스포츠 롱슬리브 티셔츠,"땀 흡수 및 건조 기능이 뛰어난 기능성 소재로 제작된 긴팔 티셔츠입니다. 신축성이 좋아 활동성이 좋으며, 운동 시 편안하게 착용하기 좋습니다.",액티브 핏,차콜 그레이,"S, M, L",55000,사계절
긴소매티셔츠_0032.jpg,프린트 오프숄더 롱슬리브 티셔츠,"어깨를 살짝 드러내는 오프숄더 디자인과 전면의 은은한 프린트가 돋보이는 긴팔 티셔츠입니다. 부드러운 소재감으로 편안하며, 데님과 매치하여 섹시 캐주얼룩을 연출하기 좋습니다.",릴라 아카이브,라이트 그레이,"S, M, L",68000,"봄, 가을"
긴소매티셔츠_0033.jpg,오버핏 라운드넥 롱슬리브 티셔츠,"루즈한 오버핏으로 제작되어 편안하면서도 스타일리시한 라운드넥 긴팔 티셔츠입니다. 부드러운 면 소재로 데일리웨어로 활용하기 좋으며, 미니멀한 디자인이 특징입니다.",에센셜 오버핏,블랙,"M, L",49000,사계절
긴소매티셔츠_0034.jpg,베이직 크루넥 롱슬리브 티셔츠,"군더더기 없는 깔끔한 디자인의 크루넥 긴팔 티셔츠입니다. 부드러운 면 소재로 제작되어 착용감이 좋으며, 단품 또는 레이어드하여 다양한 스타일을 연출하기 좋은 기본 아이템입니다.",화이트 스탠다드,화이트,"M, L",38000,사계절
긴소매티셔츠_0035.jpg,스트라이프 오버핏 롱슬리브 티셔츠,"와이드한 스트라이프 패턴이 캐주얼한 느낌을 주는 오버핏 긴팔 티셔츠입니다. 드롭 숄더 디자인과 넉넉한 핏으로 편안하게 착용하기 좋으며, 빈티지한 컬러 배색이 특징입니다.",레트로 스트라이프,스카이 블루/블랙,"S, M, L",52000,사계절
긴소매티셔츠_0036.jpg,유니크 오프숄더 롱슬리브 티셔츠,"한쪽 어깨를 드러내는 비대칭 오프숄더 디자인과 메탈 링, 스트랩 디테일이 돋보이는 긴팔 티셔츠입니다. 슬림하게 핏되어 시크하고 개성 있는 스타일을 연출합니다.",엣지 시크,블랙,"S, M",75000,"봄, 가을"
긴소매티셔츠_0037.jpg,워싱 오버핏 롱슬리브 티셔츠,"빈티지한 워싱 처리로 자연스러운 색감과 질감이 돋보이는 오버핏 긴팔 티셔츠입니다. 크롭 기장으로 캐주얼하면서도 스타일리시하며, 데님 팬츠와 매치하기 좋습니다.",빈티지 웨이브,차콜,"M, L",62000,"봄, 가을"
긴소매티셔츠_0038.jpg,로고 자수 모크넥 롱슬리브 티셔츠,"깔끔한 모크넥 디자인과 작은 로고 자수가 포인트인 긴팔 티셔츠입니다. 부드러운 면 소재로 제작되어 편안하게 착용하기 좋으며, 단품 또는 레이어드하여 활용도가 높습니다.",심플 맨,화이트,"M, L",48000,사계절
긴소매티셔츠_0039.jpg,와플 텍스처 롱슬리브 티셔츠,와플 조직의 면 소재로 제작되어 캐주얼하면서도 편안한 긴팔 티셔츠입니다. 부드러운 아이보리 컬러와 미니멀한 디자인으로 다양한 하의와 매치하기 좋습니다.,코지 베이직,아이보리,"M, L",45000,사계절
긴소매티셔츠_0040.jpg,레이어드 크롭 롱슬리브 티셔츠,"마치 두 벌을 겹쳐 입은 듯한 레이어드 디자인의 크롭 긴팔 티셔츠입니다. 언발란스한 밑단 라인이 특징이며, 슬림하게 핏되어 여성스러우면서도 트렌디한 스타일을 연출합니다.",레이어드 시크,블랙/화이트,"S, M",58000,"봄, 가을"
긴소매티셔츠_0041.jpg,성조기 오프숄더 후드티,"성조기 그래픽이 프린트된 오프숄더 후드티입니다. 넉넉한 핏과 드롭 숄더 디자인이 캐주얼하면서도 여성스러운 느낌을 주며, 데님과 매치하여 발랄한 룩을 연출하기 좋습니다.",아메리칸 빈티지,아이보리,"S, M, L",78000,"봄, 가을"
긴소매티셔츠_0042.jpg,오프숄더 스트랩 블라우스,"어깨를 드러내는 오프숄더 디자인에 스트랩 디테일이 포인트인 블라우스입니다. 후크 여밈으로 시크하면서도 세련된 느낌을 주며, 격식 있는 자리나 데이트룩으로 좋습니다.",모던 시크,블랙,"S, M",95000,"봄, 가을"
긴소매티셔츠_0043.jpg,스퀘어넥 리본 긴팔 티셔츠,"스퀘어넥 디자인과 전면의 리본 디테일이 여성스러운 긴팔 티셔츠입니다. 부드러운 면 소재로 착용감이 편안하며, 데일리룩에 러블리한 포인트를 더해줍니다.",스위트 코지,화이트,"S, M",55000,사계절
긴소매티셔츠_0044.jpg,로고 자수 크루넥 스웨트셔츠,"깔끔한 크루넥 디자인에 작은 로고 자수가 포인트인 스웨트셔츠입니다. 부드러운 면 소재로 편안하게 착용하기 좋으며, 다양한 컬러로 출시되어 취향에 맞게 선택할 수 있습니다.",폴로 빈티지,화이트,"S, M, L",69000,사계절
긴소매티셔츠_0045.jpg,기능성 라이트웨이트 스웨트셔츠,"가벼운 나일론 혼방 소재로 제작되어 활동성이 뛰어난 스웨트셔츠입니다. 옆선 포켓과 밑단 스트링 디테일이 스포티한 느낌을 주며, 운동복이나 데일리 캐주얼룩으로 좋습니다.",액티브 무브,블랙,"M, L",85000,사계절
긴소매티셔츠_0046.jpg,베이직 모크넥 롱슬리브 티셔츠,"미니멀한 디자인의 모크넥 긴팔 티셔츠입니다. 부드러운 면 소재로 착용감이 편안하며, 단품으로 입거나 아우터 안에 레이어드하여 깔끔한 룩을 연출하기 좋습니다.",심플 스탠다드,블랙,"M, L",45000,"가을, 겨울"
긴소매티셔츠_0047.jpg,그래픽 와플 롱슬리브 티셔츠,"와플 조직의 면 소재로 제작되어 캐주얼한 느낌을 주는 긴팔 티셔츠입니다. 전면의 유니크한 그래픽 프린트가 포인트이며, 루즈한 핏으로 편안하게 착용하기 좋습니다.",몽마르뜨,블랙,"S, M, L",72000,사계절
긴소매티셔츠_0048.jpg,브이넥 레이스 스웨트셔츠,"브이넥 디자인과 소매 부분의 레이스 디테일이 여성스러운 스웨트셔츠입니다. 부드러운 면 소재로 편안하며, 캐주얼하면서도 로맨틱한 스타일을 연출하기 좋습니다.",블랑쉬,아이보리,"S, M",79000,"봄, 가을"
긴소매티셔츠_0049.jpg,오버핏 무지 롱슬리브 티셔츠 2팩,"루즈한 오버핏으로 제작되어 편안하게 착용하기 좋은 무지 긴팔 티셔츠 2종 세트입니다. 블랙과 화이트 컬러로 구성되어 활용도가 높으며, 베이직한 데일리 아이템입니다.",베이직 코지,"블랙, 화이트","M, L",65000,사계절
긴소매티셔츠_0050.jpg,그래픽 스트라이프 롱슬리브 티셔츠,소매의 스트라이프 패턴과 전면의 그래픽 프린트가 돋보이는 오버핏 긴팔 티셔츠입니다. 힙한 무드의 캐릭터 그래픽이 개성 있는 스트릿룩을 연출하기 좋습니다.,스트로베리,라이트 그레이,"S, M, L",78000,"봄, 가을"
긴소매티셔츠_0051.jpg,베이직 라운드넥 롱슬리브 티셔츠,"깔끔한 라운드넥 디자인의 기본 긴팔 티셔츠입니다. 부드러운 면 소재로 착용감이 편안하며, 어떤 하의와도 잘 어울려 데일리웨어로 활용도가 높습니다.",심플 코튼,화이트,"S, M",35000,사계절
긴소매티셔츠_0052.jpg,레터링 프린트 보트넥 롱슬리브 티셔츠,"레터링 프린트가 유니크한 보트넥 긴팔 티셔츠입니다. 넓게 파인 넥라인이 여성스러운 느낌을 주며, 슬림핏으로 제작되었습니다.",에지 로맨스,화이트,"S, M, L",62000,"봄, 가을"
긴소매티셔츠_0053.jpg,와플 헨리넥 롱슬리브 티셔츠,"와플 조직의 면 소재로 제작되어 캐주얼한 느낌을 주는 헨리넥 긴팔 티셔츠입니다. 넉넉한 오버핏으로 편안하게 착용하기 좋으며, 데일리룩으로 활용하기 좋습니다.",코지 와플,블랙,"M, L",49000,사계절
긴소매티셔츠_0054.jpg,크롭 터틀넥 롱슬리브 티셔츠,"짧은 크롭 기장과 깔끔한 터틀넥 디자인이 돋보이는 긴팔 티셔츠입니다. 몸에 슬림하게 핏되어 날씬한 실루엣을 연출하며, 하이웨이스트 하의와 매치하기 좋습니다.",리,블랙,"S, M",58000,"가을, 겨울"
긴소매티셔츠_0055.jpg,레터링 프린트 롱슬리브 티셔츠,"전면에 유니크한 레터링 프린트가 돋보이는 긴팔 티셔츠입니다. 루즈핏으로 편안하게 착용하기 좋으며, 레이스 스커트와 매치하여 로맨틱 캐주얼룩을 연출하기 좋습니다.",엔젤 위시,화이트,"S, M, L",68000,"봄, 가을"
긴소매티셔츠_0056.jpg,기능성 베이직 롱슬리브 티셔츠 2팩,"땀 흡수 및 건조 기능이 뛰어난 기능성 소재로 제작된 기본 긴팔 티셔츠 2종 세트입니다. 신축성이 좋아 활동성이 좋으며, 블랙과 화이트 컬러로 구성되어 활용도가 높습니다.",액티브 베이직,"블랙, 화이트","S, M, L",78000,사계절
긴소매티셔츠_0057.jpg,오버핏 스퀘어 라벨 롱슬리브 티셔츠,"루즈한 오버핏으로 제작되어 편안하게 착용하기 좋은 긴팔 티셔츠입니다. 소매의 스퀘어 라벨 디테일이 유니크한 포인트를 주며, 캐주얼한 데일리룩에 잘 어울립니다.",원 서클,화이트,"M, L",55000,사계절
긴소매티셔츠_0058.jpg,플라워 패턴 와플 롱슬리브 티셔츠,"잔잔한 플라워 패턴이 돋보이는 와플 조직의 긴팔 티셔츠입니다. 부드러운 소재와 소매의 엄지 홀 디테일이 편안함을 더해주며, 러블리 캐주얼룩에 좋습니다.",코튼 블라썸,아이보리,"S, M",59000,"봄, 가을"
긴소매티셔츠_0059.jpg,로고 프린트 스트라이프 롱슬리브 티셔츠,"소매의 라인 스트라이프와 전면의 로고 프린트가 스포티한 느낌을 주는 긴팔 티셔츠입니다. 루즈한 오버핏으로 편안하게 착용하기 좋으며, 캐주얼룩에 활동성을 더해줍니다.",스포츠 레터,그레이/블랙,"S, M, L",65000,사계절
긴소매티셔츠_0060.jpg,라운드넥 베이직 롱슬리브 티셔츠 2팩,"군더더기 없는 깔끔한 디자인의 기본 라운드넥 긴팔 티셔츠 2종 세트입니다. 부드러운 면 소재로 편안하며, 블랙과 화이트 컬러로 구성되어 다양한 스타일에 활용하기 좋습니다.",심플 에센셜,"블랙, 화이트","M, L",69000,사계절
나일론_코치재킷_0001.jpg,체크 패턴 후드 아노락 재킷,"잔잔한 체크 패턴이 돋보이는 후드 아노락 재킷입니다. 넉넉한 오버핏과 밑단 스트링 디테일로 캐주얼한 스타일을 연출하기 좋으며, 활동성이 뛰어납니다.",체커보드,버건디,"S, M, L",149000,"봄, 가을"
나일론_코치재킷_0002.jpg,배색 플리스 후드 재킷,"그레이와 네이비 컬러 배색이 스포티한 플리스 후드 재킷입니다. 도톰한 플리스 소재로 보온성이 뛰어나며, 아웃도어 활동이나 간절기 데일리웨어로 좋습니다.",웜 액티브,그레이/네이비,"M, L",98000,"가을, 겨울"
나일론_코치재킷_0003.jpg,라이트웨이트 윈드브레이커,"가벼운 나일론 소재로 제작된 후드 윈드브레이커입니다. 심플한 디자인과 로고 프린트가 특징이며, 스포츠 활동이나 아웃도어 시 가볍게 걸치기 좋습니다.",에어 라이트,라이트 카키,"S, M, L",89000,"봄, 여름"
나일론_코치재킷_0004.jpg,오버핏 스포티 후드 재킷,"넉넉한 오버핏의 스포티 후드 재킷입니다. 가벼운 나일론 소재로 활동성이 좋으며, 절개 라인과 로고 자수 디테일이 스포티한 느낌을 줍니다.",에어 무브,터키쉬 그린,"M, L",119000,"봄, 가을"
나일론_코치재킷_0005.jpg,베이직 후드 윈드브레이커,"깔끔한 디자인의 후드 윈드브레이커입니다. 가벼운 나일론 소재로 휴대성이 좋으며, 지퍼 포켓 디테일이 실용성을 더해줍니다. 간절기 데일리룩이나 야외 활동 시 좋습니다.",이지 브리즈,스카이 블루,"M, L",79000,"봄, 여름, 가을"
나일론_코치재킷_0006.jpg,미니멀 집업 봄버 재킷,"군더더기 없는 미니멀한 디자인의 집업 봄버 재킷입니다. 깔끔한 블랙 컬러와 여유로운 핏으로 다양한 스타일에 매치하기 좋으며, 간절기 아우터로 활용도가 높습니다.",모던 룩,블랙,"M, L",129000,"봄, 가을"
나일론_코치재킷_0007.jpg,도트 패턴 후드 점퍼,"귀여운 도트 패턴이 돋보이는 후드 점퍼입니다. 가벼운 나일론 소재로 간절기에 착용하기 좋으며, 발랄한 캐주얼룩에 포인트를 주기 좋습니다.",레트로 도트,브라운 도트,"S, M, L",85000,"봄, 가을"
나일론_코치재킷_0008.jpg,베이직 아웃도어 재킷,"심플한 디자인과 기능성 소재가 결합된 아웃도어 재킷입니다. 방수 및 방풍 기능이 있어 다양한 야외 활동 시 착용하기 좋으며, 깔끔한 아이보리 컬러로 데일리룩에도 좋습니다.",네파,아이보리,"S, M, L",169000,사계절
나일론_코치재킷_0009.jpg,멀티 포켓 후드 아노락 재킷,"다양한 포켓 디테일이 돋보이는 후드 아노락 재킷입니다. 넉넉한 오버핏과 가벼운 나일론 소재로 활동성이 좋으며, 스트릿 캐주얼룩에 포인트를 주기 좋습니다.",테크 웨어,차콜 그레이,"M, L",135000,"봄, 가을"
나일론_코치재킷_0010.jpg,컬러 블록 트랙 재킷,"핑크 브라운과 그레이 컬러 블록 디자인이 특징인 트랙 재킷입니다. 가벼운 나일론 소재로 활동성이 좋으며, 스포티하면서도 유니크한 캐주얼룩에 좋습니다.",레트로 스포트,핑크 브라운/그레이,"M, L",99000,"봄, 가을"
나일론_코치재킷_0011.jpg,숏 기장 버튼업 재킷,"짧은 기장과 버튼업 디자인이 캐주얼하면서도 스타일리시한 재킷입니다. 가벼운 나일론 소재로 간절기에 착용하기 좋으며, 스트라이프 셔츠와 매치하여 세련된 룩을 연출합니다.",시크 무드,블랙,"S, M, L",115000,"봄, 가을"
나일론_코치재킷_0012.jpg,베이직 후드 윈드브레이커,"깔끔한 디자인의 블랙 후드 윈드브레이커입니다. 가벼운 나일론 소재로 휴대성이 좋으며, 지퍼 여밈과 후드 디테일이 실용성을 더해줍니다.",이지 캐주얼,블랙,"S, M",89000,"봄, 여름, 가을"
나일론_코치재킷_0013.jpg,크롭 로고 자수 트랙 재킷,"짧은 크롭 기장과 로고 자수 디테일이 돋보이는 트랙 재킷입니다. 스탠드업 칼라와 지퍼 여밈으로 스포티한 느낌을 주며, 캐주얼한 데일리룩에 좋습니다.",스포티 시크,블랙,"S, M, L",98000,"봄, 가을"
나일론_코치재킷_0014.jpg,컬러 블록 하프 집업 아노락,"레드와 블루 컬러 블록이 스포티한 하프 집업 아노락입니다. 넉넉한 오버핏과 밑단 스트링 디테일이 특징이며, 스트릿 캐주얼룩에 포인트를 주기 좋습니다.",어반 플레이어스,블랙/레드/블루,"M, L",109000,"봄, 가을"
나일론_코치재킷_0015.jpg,베이직 코치 재킷,"깔끔한 디자인의 기본 코치 재킷입니다. 가벼운 나일론 소재로 편안하게 착용하기 좋으며, 다양한 스타일에 매치하기 좋아 데일리 아우터로 활용도가 높습니다.",아디다스,블랙,"M, L",129000,"봄, 가을"
나일론_코치재킷_0016.jpg,후드 오버핏 윈드브레이커,"넉넉한 오버핏의 후드 윈드브레이커입니다. 가벼운 나일론 소재로 편안하게 착용하기 좋으며, 밑단 스트링으로 핏 조절이 가능하여 다양한 스타일을 연출할 수 있습니다.",코지 아웃도어,차콜 그레이,"S, M, L",95000,"봄, 가을"
나일론_코치재킷_0017.jpg,글로시 윈드브레이커 재킷,"은은한 광택감이 돋보이는 윈드브레이커 재킷입니다. 스탠드업 칼라와 지퍼 여밈으로 스포티한 느낌을 주며, 유니크한 오렌지 브라운 컬러가 특징입니다.",글로우 시크,오렌지 브라운,"M, L",139000,"봄, 가을"
나일론_코치재킷_0018.jpg,버튼 디테일 스탠드넥 재킷,"스탠드넥 디자인과 전면의 버튼 디테일이 돋보이는 재킷입니다. 가벼운 나일론 소재로 간절기에 착용하기 좋으며, 미니멀하면서도 세련된 스타일을 연출합니다.",모던 블루,네이비,"M, L",119000,"봄, 가을"
나일론_코치재킷_0019.jpg,미니 포켓 후드 윈드브레이커,"잔잔한 패턴 프린트가 돋보이는 후드 윈드브레이커입니다. 휴대폰 등을 넣을 수 있는 미니 포켓 스트랩이 있어 실용성을 더해주며, 가벼운 소재로 활동성이 좋습니다.",스타라이트,"네이비 패턴, 화이트 패턴","M, L",105000,"봄, 여름"
나일론_코치재킷_0020.jpg,루즈핏 후드 윈드브레이커,"루즈한 핏으로 제작되어 편안하게 착용하기 좋은 후드 윈드브레이커입니다. 가벼운 나일론 소재로 휴대성이 좋으며, 밑단 스트링 디테일로 핏 조절이 가능합니다.",이지 무브,"블랙, 라이트 그레이","S, M, L",89000,"봄, 여름, 가을"
나일론_코치재킷_0021.jpg,포켓 디테일 스탠드넥 재킷,"전면의 투 포켓 디테일이 실용적인 스탠드넥 재킷입니다. 가벼운 나일론 소재로 제작되어 간절기에 착용하기 좋으며, 미니멀하면서도 워크웨어 무드를 연출합니다.",워크맨,올리브,"M, L",138000,"봄, 가을"
나일론_코치재킷_0022.jpg,크롭 후드 윈드브레이커,"은은한 광택이 도는 나일론 소재의 크롭 후드 윈드브레이커입니다. 짧은 기장과 밑단 스트링으로 트렌디한 핏을 연출하며, 스커트와 매치하여 스포티한 룩을 완성하기 좋습니다.",어반 시크,차콜,"S, M, L",95000,"봄, 가을"
나일론_코치재킷_0023.jpg,스탠드넥 트랙 재킷,"심플한 디자인의 스탠드넥 트랙 재킷입니다. 가벼운 나일론 소재로 제작되어 활동성이 좋으며, 셋업 팬츠와 함께 스포티한 룩을 연출하거나 데일리 아우터로 활용하기 좋습니다.",프레드 페리,블랙,"M, L",158000,"봄, 가을"
나일론_코치재킷_0024.jpg,도트 패턴 후드 윈드브레이커,"귀여운 도트 패턴이 돋보이는 후드 윈드브레이커입니다. 가벼운 나일론 소재로 비 오는 날이나 간절기에 가볍게 걸치기 좋으며, 발랄한 캐주얼룩에 포인트를 줍니다.",레인보우 도트,스카이 블루,"S, M, L",82000,"봄, 여름, 가을"
나일론_코치재킷_0025.jpg,테크니컬 집업 재킷,"다양한 포켓과 벨크로, D링 등 테크니컬 디테일이 돋보이는 집업 재킷입니다. 견고한 나일론 소재로 제작되어 아웃도어 활동이나 스트릿룩에 유니크한 포인트를 줍니다.",테크 기어,블랙,"M, L",179000,"봄, 가을"
나일론_코치재킷_0026.jpg,시에라 디자인 후드 재킷,"기능성 소재와 인체공학적 절개 라인이 특징인 아웃도어 후드 재킷입니다. 방수, 방풍 기능이 뛰어나며, 소매 벨크로와 지퍼 포켓으로 실용성을 높였습니다.",시에라 디자인,아이보리,"M, L",219000,"봄, 가을, 겨울"
나일론_코치재킷_0027.jpg,노스페이스 고어텍스 마운틴 재킷,"고어텍스 소재를 사용하여 방수, 방풍, 투습 기능이 뛰어난 마운틴 재킷입니다. 후드 일체형 디자인과 심플한 로고 자수로 아웃도어 활동은 물론 데일리로도 활용하기 좋습니다.",노스페이스,블랙,"M, L",329000,사계절
나일론_코치재킷_0028.jpg,피파 로고 롱 윈드브레이커,"무릎까지 오는 긴 기장의 롱 윈드브레이커입니다. 가벼운 나일론 소재로 제작되었으며, FIFA 로고 프린트와 블랙 지퍼 라인이 스포티한 느낌을 줍니다.",피파,라이트 베이지,"S, M, L",149000,"봄, 가을"
나일론_코치재킷_0029.jpg,리복 클래식 트랙 재킷,"리복 로고 자수와 스탠드넥 디자인이 돋보이는 클래식 트랙 재킷입니다. 가벼운 나일론 소재와 여유로운 핏으로 편안하게 착용하기 좋으며, 레트로 스포티룩을 연출합니다.",리복,블랙,"M, L",119000,"봄, 가을"
나일론_코치재킷_0030.jpg,피싱 베스트 레이어드 재킷,"마치 피싱 베스트를 레이어드한 듯한 독특한 디자인의 재킷입니다. 다양한 메쉬 포켓과 D링 디테일이 실용성을 더해주며, 아웃도어룩이나 스트릿 패션에 유니크한 포인트를 줍니다.",어드벤처 웨어,카키,"M, L",189000,"봄, 가을"
나일론_코치재킷_0031.jpg,스트라이프 패턴 후드 윈드브레이커,"레드 스트라이프 패턴이 돋보이는 후드 윈드브레이커입니다. 가벼운 나일론 소재로 휴대성이 좋으며, 캐주얼하면서도 유니크한 디자인이 특징입니다.",캔버스,네이비 스트라이프,"M, L",95000,"봄, 여름, 가을"
나일론_코치재킷_0032.jpg,체크 패턴 후드 윈드브레이커,"잔잔한 체크 패턴이 돋보이는 후드 윈드브레이커입니다. 가벼운 나일론 소재로 휴대성이 좋으며, 파스텔톤 퍼플 컬러가 화사한 느낌을 줍니다.",에코 플레이,퍼플 체크,"S, M",88000,"봄, 여름, 가을"
나일론_코치재킷_0033.jpg,고어텍스 방수 후드 재킷,"고어텍스 소재를 사용하여 방수 및 방풍 기능이 뛰어난 후드 재킷입니다. 다양한 포켓과 지퍼 디테일이 실용적이며, 아웃도어 활동 시 최적의 기능을 제공합니다.",버텍스,블랙,"M, L",389000,사계절
나일론_코치재킷_0034.jpg,로고 자수 트랙 재킷,"전면의 로고 자수와 깔끔한 디자인이 돋보이는 트랙 재킷입니다. 가벼운 나일론 소재로 제작되어 활동성이 좋으며, 스포티 캐주얼룩에 잘 어울립니다.",파이렉시아,차콜 그레이,"M, L",109000,"봄, 가을"
나일론_코치재킷_0035.jpg,멀티 지퍼 디테일 윈드브레이커,"다양한 지퍼 디테일이 유니크한 윈드브레이커입니다. 가벼운 나일론 소재로 간절기에 착용하기 좋으며, 화이트 컬러로 깔끔하면서도 세련된 스타일을 연출합니다.",시크 레트로,화이트,"S, M",115000,"봄, 가을"
나일론_코치재킷_0036.jpg,리복 클래식 트랙 재킷 (레드),"리복 로고 자수와 스탠드넥 디자인이 돋보이는 클래식 트랙 재킷입니다. 선명한 레드 컬러가 스포티한 느낌을 주며, 가벼운 나일론 소재로 편안합니다.",리복,레드,"M, L",119000,"봄, 가을"
나일론_코치재킷_0037.jpg,크로스 프린트 스탠드넥 재킷,"스탠드넥 디자인과 전면의 크로스 프린트가 유니크한 재킷입니다. 가벼운 나일론 소재로 제작되어 간절기에 착용하기 좋으며, 스트릿 고딕룩에 잘 어울립니다.",페이탈 고스트,블랙,"S, M, L",145000,"봄, 가을"
나일론_코치재킷_0038.jpg,컬러 블록 트랙 재킷 (네이비/레드),"네이비, 레드, 화이트 컬러 블록이 스포티한 트랙 재킷입니다. 가벼운 나일론 소재로 활동성이 좋으며, 캐주얼하면서도 개성 있는 스타일을 연출하기 좋습니다.",GTB 가먼츠,네이비/레드/화이트,"M, L",98000,"봄, 가을"
나일론_코치재킷_0039.jpg,유틸리티 롱 재킷,"넉넉한 기장과 다양한 포켓, 스트링 디테일이 돋보이는 유틸리티 롱 재킷입니다. 가벼운 나일론 소재로 제작되어 간절기에 활용하기 좋으며, 워크웨어 무드를 연출합니다.",밀리터리 시크,블랙,"S, M",165000,"봄, 가을"
나일론_코치재킷_0040.jpg,로고 넘버링 트랙 재킷,"로고와 숫자 '48' 그래픽이 스포티한 느낌을 주는 트랙 재킷입니다. 블랙과 그린 컬러 배색이 특징이며, 가벼운 나일론 소재로 제작되어 활동성이 좋습니다.",디아도라,블랙/그린,"M, L",109000,"봄, 가을"
나일론_코치재킷_0041.jpg,오버핏 밀리터리 파카,"넉넉한 오버핏의 밀리터리 디자인 파카입니다. 가벼운 나일론 소재로 제작되어 간절기에 활용하기 좋으며, 다양한 포켓 디테일이 실용성을 더해줍니다.",빈티지 워크,블랙,"M, L",189000,"봄, 가을"
나일론_코치재킷_0042.jpg,미니멀 라인 후드 윈드브레이커,"깔끔한 라인 디테일이 돋보이는 후드 윈드브레이커입니다. 가벼운 나일론 소재로 제작되어 활동성이 좋으며, 미니멀한 디자인으로 다양한 스타일에 매치하기 좋습니다.",에코 시크,아이보리,"S, M, L",98000,"봄, 여름, 가을"
나일론_코치재킷_0043.jpg,기능성 러닝 후드 재킷,"가벼운 소재와 기능성 디자인이 돋보이는 러닝 후드 재킷입니다. 땀 흡수 및 건조 기능이 뛰어나 운동 시 쾌적함을 유지해주며, 스포티한 룩에 적합합니다.",액티브 런,라이트 그린,"M, L",115000,사계절
나일론_코치재킷_0044.jpg,멀티 포켓 오버셔츠 재킷,"전면의 투 포켓 디테일이 돋보이는 오버셔츠 디자인의 재킷입니다. 가벼운 나일론 소재로 제작되어 간절기 아우터나 셔츠로 활용하기 좋으며, 워크웨어 무드를 연출합니다.",어반 틸리티,라이트 베이지,"M, L",128000,"봄, 가을"
나일론_코치재킷_0045.jpg,크롭 후드 윈드브레이커 (블랙),"짧은 크롭 기장과 후드 디테일이 트렌디한 윈드브레이커입니다. 가벼운 나일론 소재로 편안하게 착용하기 좋으며, 스포티하면서도 시크한 데일리룩에 좋습니다.",비바 스튜디오,블랙,"S, M, L",99000,"봄, 가을"
나일론_코치재킷_0046.jpg,레더 후드 트랙 재킷,"유니크한 레더 소재의 후드 트랙 재킷입니다. 오버핏 디자인과 지퍼, 포켓 디테일이 스트릿 무드를 연출하며, 개성 있는 패션 아이템으로 좋습니다.",딥 레더,블랙,"M, L",198000,"봄, 가을"
나일론_코치재킷_0047.jpg,코닥 로고 후드 윈드브레이커,"코닥 로고 프린트가 돋보이는 후드 윈드브레이커입니다. 가벼운 나일론 소재로 제작되어 간절기에 착용하기 좋으며, 레트로 감성의 캐주얼룩에 잘 어울립니다.",코닥,라이트 민트,"S, M, L",129000,"봄, 가을"
나일론_코치재킷_0048.jpg,메렐 소프트쉘 후드 재킷,"부드러운 소프트쉘 소재로 제작되어 활동성이 좋은 후드 재킷입니다. 방수 및 방풍 기능이 뛰어나 아웃도어 활동에 적합하며, 심플한 로고 디테일이 특징입니다.",메렐,블랙,"M, L",249000,사계절
나일론_코치재킷_0049.jpg,크롭 후드 윈드브레이커 (화이트),"짧은 크롭 기장과 후드 디테일이 트렌디한 윈드브레이커입니다. 가벼운 나일론 소재로 편안하게 착용하기 좋으며, 화이트 컬러로 청량하고 발랄한 느낌을 줍니다.",에어 루즈,화이트,"S, M, L",85000,"봄, 가을"
나일론_코치재킷_0050.jpg,블랙야크 방수 롱 재킷,"블랙야크의 기술력이 담긴 방수 롱 재킷입니다. 긴 기장과 후드 일체형 디자인으로 비 오는 날이나 아웃도어 활동 시 최적의 보호 기능을 제공하며, 심플한 블랙 컬러로 활용도가 높습니다.",블랙야크,블랙,"M, L",359000,사계절
니트_스웨터_0001.jpg,폭스 헤드 자수 스웨트셔츠,"가슴 부분에 폭스 헤드 로고 자수가 포인트인 베이직한 스웨트셔츠입니다. 부드러운 면 소재로 편안하며, 데일리룩에 귀여운 포인트를 더해줍니다.",메종 키츠네,네이비,"S, M, L",185000,사계절
니트_스웨터_0002.jpg,언발란스 숄더 버튼 니트,"언발란스한 숄더 디자인과 어깨의 버튼 디테일이 돋보이는 니트입니다. 슬림핏으로 여성스러운 실루엣을 연출하며, 스커트와 매치하여 세련된 룩을 완성하기 좋습니다.",모던 시크,그레이,"S, M, L",92000,"가을, 겨울"
니트_스웨터_0003.jpg,눈꽃 패턴 크루넥 니트,"따뜻한 울 혼방 소재의 눈꽃 패턴 크루넥 니트입니다. 크리스마스나 겨울 시즌에 잘 어울리는 디자인으로, 캐주얼하면서도 포근한 느낌을 연출합니다.",윈터 드림,블랙,"S, M, L",78000,겨울
니트_스웨터_0004.jpg,모헤어 블렌드 카라 재킷,"모헤어 혼방 소재로 부드럽고 따뜻한 카라 재킷입니다. 유니크한 헤어리 텍스처와 루즈한 핏이 특징이며, 셔츠나 터틀넥과 레이어드하여 스타일리시한 룩을 연출합니다.",보헤미안 무드,차콜 브라운,"M, L",220000,"가을, 겨울"
니트_스웨터_0005.jpg,니트 카라티 2팩,"베이직한 디자인의 니트 카라티 2종 세트입니다. 부드러운 니트 소재로 착용감이 편안하며, 블랙과 브라운 컬러로 구성되어 활용도가 높습니다.",이지 니트,"블랙, 브라운","M, L",95000,사계절
니트_스웨터_0006.jpg,라운드넥 램스울 니트 스웨터,"부드러운 램스울 소재로 제작된 라운드넥 니트 스웨터입니다. 비비드한 오렌지 컬러가 포인트이며, 다양한 컬러로 출시되어 취향에 맞게 선택할 수 있습니다.",포근 램스울,오렌지,"S, M, L",69000,"가을, 겨울"
니트_스웨터_0007.jpg,옴브레 스트라이프 니트,"자연스러운 옴브레 스트라이프 패턴이 돋보이는 니트입니다. 부드러운 촉감의 울 혼방 소재로 따뜻하며, 루즈한 핏으로 편안하게 착용하기 좋습니다.",마하그리드,브라운 그라데이션,"S, M, L",89000,"가을, 겨울"
니트_스웨터_0008.jpg,플라워 패턴 오버핏 니트,"큼지막한 플라워 패턴이 돋보이는 오버핏 니트입니다. 블랙 바탕에 핑크와 그린 컬러 조합이 유니크하며, 캐주얼하면서도 개성 있는 스타일을 연출합니다.",아트 블룸,블랙/핑크/그린,"S, M, L",98000,"가을, 겨울"
니트_스웨터_0009.jpg,베이직 브이넥 니트,"깔끔한 브이넥 디자인의 베이직 니트입니다. 부드러운 촉감의 니트 소재로 제작되어 착용감이 편안하며, 단품으로 입거나 셔츠와 레이어드하여 활용하기 좋습니다.",스윗 베이직,핑크,"S, M",55000,사계절
니트_스웨터_0010.jpg,골지 오버핏 라운드넥 니트,"도톰한 골지 조직의 오버핏 라운드넥 니트입니다. 부드러운 울 혼방 소재로 따뜻하며, 넉넉한 핏으로 편안하게 착용하기 좋습니다.",코지 오버핏,라이트 그레이,"M, L",75000,"가을, 겨울"
니트_스웨터_0011.jpg,오버핏 골지 라운드넥 니트,"도톰한 골지 조직의 오버핏 라운드넥 니트입니다. 부드러운 촉감의 니트 소재로 따뜻하며, 넉넉한 핏으로 편안하게 착용하기 좋습니다.",코지 오버핏,블랙,"M, L",75000,"가을, 겨울"
니트_스웨터_0012.jpg,헨리넥 골지 니트 스웨터,"베이직한 디자인의 헨리넥 골지 니트 스웨터입니다. 부드러운 니트 소재로 편안하며, 단품으로 입거나 셔츠와 레이어드하여 활용하기 좋습니다.",젠틀 코튼,네이비,"M, L",68000,"가을, 겨울"
니트_스웨터_0013.jpg,케이블 브이넥 니트 스웨터,"클래식한 케이블 짜임의 브이넥 니트 스웨터입니다. 랄프로렌 로고 자수가 포인트이며, 단정하면서도 세련된 스타일을 연출하기 좋습니다.",랄프로렌,아이보리,"S, M, L",159000,사계절
니트_스웨터_0014.jpg,토끼 그래픽 라운드넥 니트,"귀여운 토끼 그래픽과 로고 자수가 돋보이는 라운드넥 니트입니다. 부드러운 울 혼방 소재로 따뜻하며, 캐주얼하면서도 유니크한 스타일을 연출합니다.",가니,그레이,"S, M, L",280000,"가을, 겨울"
니트_스웨터_0015.jpg,플라워 자수 가디건 세트,"작은 플라워 자수 디테일이 돋보이는 가디건과 이너 세트입니다. 부드러운 니트 소재로 편안하며, 여리여리하면서도 로맨틱한 스타일을 연출하기 좋습니다.",로맨틱 무드,아이보리,"S, M, L",110000,"봄, 가을"
니트_스웨터_0016.jpg,헨리넥 골지 니트 스웨터 (카키),"베이직한 디자인의 헨리넥 골지 니트 스웨터입니다. 부드러운 니트 소재로 편안하며, 트렌디한 카키 컬러가 특징입니다.",젠틀 코튼,카키,"M, L",68000,"가을, 겨울"
니트_스웨터_0017.jpg,고양이 그래픽 라운드넥 니트,"다양한 고양이 그래픽이 유니크한 라운드넥 니트입니다. 루즈한 핏으로 편안하게 착용하기 좋으며, 귀여우면서도 개성 있는 스타일을 연출합니다.",루디 이모션,블랙,"S, M, L",85000,"가을, 겨울"
니트_스웨터_0018.jpg,케이블 라운드넥 니트 (레드),"클래식한 케이블 짜임의 라운드넥 니트입니다. 비비드한 레드 컬러가 포인트이며, 단정하면서도 화사한 스타일을 연출하기 좋습니다.",빈티지 클래식,레드,"S, M",62000,"가을, 겨울"
니트_스웨터_0019.jpg,오버핏 골지 라운드넥 니트 (차콜),"도톰한 골지 조직의 오버핏 라운드넥 니트입니다. 부드러운 촉감의 니트 소재로 따뜻하며, 넉넉한 핏으로 편안하게 착용하기 좋습니다.",코지 오버핏,차콜 그레이,"M, L",75000,"가을, 겨울"
니트_스웨터_0020.jpg,모헤어 스트라이프 헨리넥 니트,"모헤어 혼방 소재로 부드럽고 따뜻한 스트라이프 헨리넥 니트입니다. 브라운과 스카이 블루 컬러 조합이 유니크하며, 빈티지하면서도 캐주얼한 느낌을 줍니다.",레트로 스트라이프,브라운/블루 스트라이프,"S, M, L",98000,"가을, 겨울"
니트_스웨터_0021.jpg,베이직 라운드넥 니트 스웨터,"깔끔한 디자인의 라운드넥 니트 스웨터입니다. 부드러운 촉감의 니트 소재로 제작되어 착용감이 편안하며, 데일리룩에 매치하기 좋은 기본 아이템입니다.",심플 스탠다드,아이보리,"S, M, L",59000,사계절
니트_스웨터_0022.jpg,오버핏 브이넥 울 니트,"도톰한 울 혼방 소재의 오버핏 브이넥 니트입니다. 넉넉한 핏으로 편안하게 착용하기 좋으며, 셔츠나 티셔츠와 레이어드하여 다양한 스타일을 연출하기 좋습니다.",코지 오버핏,차콜 그레이,"M, L",89000,"가을, 겨울"
니트_스웨터_0023.jpg,부클 라운드넥 니트,"독특한 부클 텍스처가 돋보이는 라운드넥 니트입니다. 부드럽고 포근한 착용감을 선사하며, 루즈한 핏으로 캐주얼하면서도 따뜻한 느낌을 줍니다.",윈터 부클,다크 브라운,"S, M, L",82000,"가을, 겨울"
니트_스웨터_0024.jpg,노르딕 패턴 집업 가디건,"노르딕 패턴이 돋보이는 집업 가디건입니다. 도톰한 니트 소재로 보온성이 뛰어나며, 집업 디자인으로 편안하게 착용할 수 있습니다. 겨울철 아우터 또는 이너로 좋습니다.",윈터 빌리지,블랙,"S, M, L",128000,겨울
니트_스웨터_0025.jpg,스트라이프 루즈핏 니트,"얇은 스트라이프 패턴의 루즈핏 니트입니다. 부드러운 촉감의 니트 소재로 제작되어 착용감이 편안하며, 데일리룩에 캐주얼한 무드를 더해줍니다.",데일리 스트라이프,그레이 스트라이프,"S, M, L",69000,사계절
니트_스웨터_0026.jpg,하프 집업 골지 니트 스웨터,"도톰한 골지 짜임의 하프 집업 니트 스웨터입니다. 스탠드넥 디자인으로 보온성을 높였으며, 셔츠와 레이어드하여 클래식하면서도 세련된 룩을 연출하기 좋습니다.",클래식 무드,아이보리,"S, M",115000,"가을, 겨울"
니트_스웨터_0027.jpg,네이티브 패턴 집업 가디건,"네이티브 아메리칸 패턴이 유니크한 집업 가디건입니다. 도톰한 울 혼방 소재로 보온성이 뛰어나며, 쇼트한 기장감과 투 포켓 디테일이 특징입니다.",랄프로렌,네이비,"M, L",349000,"가을, 겨울"
니트_스웨터_0028.jpg,베이직 라운드넥 니트 (아이보리),"부드러운 울 혼방 소재의 베이직 라운드넥 니트입니다. 깔끔한 디자인과 다양한 컬러로 출시되어 데일리 아이템으로 활용도가 높으며, 편안한 착용감을 제공합니다.",코텔,아이보리,"M, L",79000,"가을, 겨울"
니트_스웨터_0029.jpg,노르딕 스노우 패턴 니트,"눈꽃송이(노르딕) 패턴이 돋보이는 라운드넥 니트입니다. 헤어리한 울 혼방 소재로 따뜻하며, 겨울철 캐주얼룩에 포근한 포인트를 주기 좋습니다.",윈터 나잇,네이비,"M, L",95000,겨울
니트_스웨터_0030.jpg,니트 후드 집업,"도톰한 니트 소재로 제작된 후드 집업입니다. 옐로우와 블루 컬러 배색이 발랄한 느낌을 주며, 레터링과 숫자 패치 디테일이 스포티한 무드를 더해줍니다.",하이틴 클럽,옐로우/블루,"S, M, L",138000,"가을, 겨울"
니트_스웨터_0031.jpg,로고 자수 라운드넥 니트,"가슴 부분에 작은 로고 자수가 포인트인 라운드넥 니트입니다. 베이직한 디자인으로 데일리룩에 활용하기 좋으며, 티셔츠와 레이어드하여 캐주얼하게 연출하기 좋습니다.",빈티지 위크,그레이,"S, M, L",65000,사계절
니트_스웨터_0032.jpg,베이직 라운드넥 울 니트,"부드러운 울 혼방 소재의 베이직 라운드넥 니트입니다. 깔끔한 디자인으로 다양한 스타일에 매치하기 좋으며, 포근하고 따뜻한 착용감을 제공합니다.",프라이빗 라벨,다크 브라운,"M, L",78000,"가을, 겨울"
니트_스웨터_0033.jpg,오버핏 브이넥 니트 (그레이),"루즈한 핏의 브이넥 니트로, 셔츠와 레이어드하여 단정하면서도 캐주얼한 느낌을 연출하기 좋습니다. 부드러운 소재로 편안한 착용감을 제공합니다.",데일리 무드,그레이,"S, M, L",72000,"가을, 겨울"
니트_스웨터_0034.jpg,부드러운 크롭 라운드넥 니트,"부드러운 촉감의 크롭 기장 라운드넥 니트입니다. 파스텔톤 퍼플 컬러가 사랑스러운 느낌을 주며, 스커트나 하이웨이스트 팬츠와 매치하여 트렌디한 룩을 연출하기 좋습니다.",스윗 크롭,라이트 퍼플,"S, M, L",68000,"봄, 가을"
니트_스웨터_0035.jpg,오버핏 라운드넥 니트 (핑크),"부드러운 울 혼방 소재의 오버핏 라운드넥 니트입니다. 화사한 핑크 컬러와 넉넉한 핏이 사랑스러운 느낌을 주며, 스카프와 매치하여 포근한 데일리룩을 완성합니다.",포근 데일리,핑크,"S, M, L",85000,"가을, 겨울"
니트_스웨터_0036.jpg,베이직 브이넥 니트 (브라운),"깔끔한 브이넥 디자인의 베이직 니트입니다. 부드러운 촉감의 니트 소재로 제작되어 착용감이 편안하며, 단품으로 입거나 셔츠와 레이어드하여 활용하기 좋습니다.",로지 니트,브라운,"M, L",55000,사계절
니트_스웨터_0037.jpg,라운드넥 울 니트 5종,"울 혼방 소재의 베이직 라운드넥 니트 5종 세트입니다. 다양한 컬러로 구성되어 활용도가 높으며, 깔끔한 디자인으로 데일리 아이템으로 좋습니다.",톤온톤 니트,"네이비, 라이트 그레이 등","M, L",69000,"가을, 겨울"
니트_스웨터_0038.jpg,로고 자수 라운드넥 니트 (블루),"가슴 부분에 로고 자수가 포인트인 라운드넥 니트입니다. 비비드한 블루 컬러가 돋보이며, 셔츠와 레이어드하여 캐주얼하면서도 개성 있는 룩을 연출하기 좋습니다.",라이브 스튜디오,블루,"S, M, L",78000,"봄, 가을"
니트_스웨터_0039.jpg,노르딕 패턴 라운드넥 니트,"북유럽 감성의 노르딕 패턴이 돋보이는 라운드넥 니트입니다. 부드러운 울 혼방 소재로 따뜻하며, 겨울철 캐주얼룩에 포근한 포인트를 주기 좋습니다.",스노우 패턴,아이보리,"S, M, L",92000,겨울
니트_스웨터_0040.jpg,부드러운 라운드넥 니트 (화이트),"부드러운 촉감의 라운드넥 니트입니다. 깔끔한 화이트 컬러와 루즈한 핏이 여리여리한 느낌을 주며, 다양한 하의와 매치하여 데일리룩에 활용하기 좋습니다.",소프트 터치,화이트,"S, M, L",62000,"가을, 겨울"
니트_스웨터_0041.jpg,케이블 라운드넥 니트 (네이비),"클래식한 케이블 짜임이 돋보이는 라운드넥 니트입니다. 도톰한 면 혼방 소재로 제작되어 탄탄하며, 셔츠와 레이어드하여 프레피룩을 연출하기 좋습니다.",르망 세컨드,네이비,"M, L",89000,"가을, 겨울"
니트_스웨터_0042.jpg,울 카라넥 니트 스웨터,"부드러운 울 혼방 소재의 카라넥 니트 스웨터입니다. 왼쪽 가슴의 로고 브로치 장식이 고급스러운 포인트를 주며, 단정하면서도 세련된 스타일을 연출합니다.",르 캐시미어,그레이,"S, M",178000,"가을, 겨울"
니트_스웨터_0043.jpg,부클 니트 후드,"푹신하고 부드러운 부클 소재로 제작된 니트 후드입니다. 캥거루 포켓과 로고 자수 디테일이 귀여운 포인트를 주며, 포근하고 편안한 착용감을 제공합니다.",럭키 플리스,아이보리,"S, M, L",95000,"가을, 겨울"
니트_스웨터_0044.jpg,와플 니트 스웨터,"탄탄한 와플 조직으로 짜인 라운드넥 니트 스웨터입니다. 넉넉한 핏과 소매, 밑단 시보리가 안정적인 실루엣을 잡아주며, 캐주얼한 데일리룩에 좋습니다.",헤비 니트,카키,"M, L",115000,"가을, 겨울"
니트_스웨터_0045.jpg,스트라이프 울 니트 스웨터,"네이비와 아이보리 컬러의 스트라이프 패턴이 돋보이는 울 니트입니다. 헤어리한 텍스처와 도톰한 두께감으로 보온성이 뛰어나며, 캐주얼룩에 포인트를 주기 좋습니다.",어텀 브리즈,네이비 스트라이프,"M, L",138000,"가을, 겨울"
니트_스웨터_0046.jpg,헤비 울 라운드넥 니트,"도톰하고 거친 질감의 헤비 울 니트입니다. 래글런 소매 디자인과 오렌지 컬러가 빈티지한 무드를 연출하며, 뛰어난 보온성으로 한겨울에도 따뜻합니다.",빈티지 울,오렌지,"M, L",159000,겨울
니트_스웨터_0047.jpg,터틀넥 컷아웃 슬림핏 니트,"어깨 부분이 컷아웃된 유니크한 디자인의 터틀넥 니트입니다. 몸에 슬림하게 핏되어 날씬한 실루엣을 연출하며, 썸홀 디테일로 트렌디한 느낌을 더했습니다.",엣지 시크,화이트,"S, M, L",68000,"봄, 가을, 겨울"
니트_스웨터_0048.jpg,스트라이프 라운드넥 니트 (베이지),베이지 바탕에 네이비 스트라이프 패턴이 들어간 라운드넥 니트입니다. 깔끔한 디자인과 적당한 두께감으로 간절기에 단독으로 입거나 레이어드하기 좋습니다.,모던 스트라이프,베이지,"S, M, L",72000,"봄, 가을"
니트_스웨터_0049.jpg,베이직 브이넥 울 니트,"부드러운 파인 울 소재로 제작된 베이직 브이넥 니트입니다. 얇고 가벼워 착용감이 좋으며, 셔츠와 레이어드하여 댄디하거나 포멀한 룩을 연출하기 좋습니다.",브랜머 인더스트리,그레이,"M, L",65000,사계절
니트_스웨터_0050.jpg,리 로고 스트라이프 브이넥 니트,"굵은 스트라이프 패턴과 리(Lee) 로고 자수가 돋보이는 브이넥 니트입니다. 넉넉한 핏과 도톰한 두께감으로 포근하며, 캐주얼하고 발랄한 스타일을 연출합니다.",리,블랙/아이보리,"S, M",99000,"가을, 겨울"
니트_스웨터_0051.jpg,메쉬 니트 후드,"펀칭 디테일이 전체적으로 들어간 메쉬 니트 후드입니다. 통기성이 좋아 여름철에도 시원하게 착용할 수 있으며, 티셔츠나 비키니 위에 레이어드하여 스타일리시한 룩을 연출하기 좋습니다.",쿨 니트,네이비,"S, M, L",75000,"여름, 봄"
니트_스웨터_0052.jpg,모헤어 브이넥 오버핏 니트,"헤어리한 텍스처가 돋보이는 모헤어 혼방 브이넥 니트입니다. 넉넉한 오버핏과 벌룬 소매 디자인이 여리여리한 실루엣을 연출하며, 포근하고 따뜻한 착용감을 제공합니다.",에어리 터치,블랙,"S, M, L",128000,"가을, 겨울"
니트_스웨터_0053.jpg,그래픽 메쉬 니트 스웨터,"성글게 짜인 메쉬 니트 소재에 그래픽 레터링을 스프레이로 뿌린 듯한 디자인이 유니크합니다. 오버핏으로 제작되어 스트릿 무드를 연출하기 좋으며, 이너와 레이어드하여 개성을 표현할 수 있습니다.",필루미네이트,오렌지,"M, L",89000,"봄, 가을"
니트_스웨터_0054.jpg,오프숄더 부클 니트 스웨터,"어깨 라인을 드러내는 넓은 오프숄더 디자인의 니트입니다. 푹신한 부클 소재로 제작되어 매우 부드럽고 따뜻하며, 여성스러우면서도 포근한 룩을 연출합니다.",소프트 윈터,그레이,"S, M, L",92000,"가을, 겨울"
니트_스웨터_0055.jpg,와플 라운드넥 니트 스웨터,"탄탄한 와플 조직으로 짜인 라운드넥 니트입니다. 버건디 컬러가 세련된 느낌을 주며, 적당한 두께감으로 간절기 데일리룩이나 이너로 활용하기 좋습니다.",어센틱,버건디,"M, L",78000,"가을, 겨울"
니트_스웨터_0056.jpg,베이직 울 라운드넥 니트,"부드러운 울 혼방 소재의 베이직 라운드넥 니트입니다. 오트밀 멜란지 컬러가 따뜻하고 부드러운 느낌을 주며, 어떤 룩에나 잘 어울리는 기본 아이템입니다.",에센셜 울,오트밀,"S, M, L",69000,"가을, 겨울"
니트_스웨터_0057.jpg,골지 집업 가디건,"세로 골지 짜임이 돋보이는 집업 가디건입니다. 투웨이 지퍼로 다양한 스타일을 연출할 수 있으며, 넉넉한 핏으로 간절기 아우터로 활용하기 좋습니다.",모던 집업,브라운,"M, L",115000,"봄, 가을"
니트_스웨터_0058.jpg,워시드 골지 오버핏 니트,"빈티지한 워싱 처리가 돋보이는 골지 니트입니다. 벌룬 소매 디자인과 넉넉한 오버핏이 특징이며, 유니크하면서도 편안한 스트릿룩을 연출하기 좋습니다.",랩12,차콜,"S, M, L",108000,"가을, 겨울"
니트_스웨터_0059.jpg,멜란지 라운드넥 니트,"다양한 색상의 원사가 섞인 멜란지 니트입니다. 부드러운 촉감과 따뜻한 오트밀 컬러가 포근한 느낌을 주며, 데일리룩으로 편안하게 입기 좋습니다.",수아레,오트밀,"M, L",82000,"가을, 겨울"
니트_스웨터_0060.jpg,케이블 니트 스웨터,"클래식한 케이블 짜임의 라운드넥 니트입니다. 도톰한 두께감으로 보온성이 뛰어나며, 네이비와 아이보리 등 기본 컬러로 구성되어 프레피룩이나 캐주얼룩에 활용하기 좋습니다.",유니폼 브릿지,"네이비, 아이보리","S, M, L",129000,겨울
데님팬츠_0001.jpg,와이드핏 흑청 데님 팬츠,"넉넉한 와이드핏의 흑청 데님 팬츠입니다. 자연스러운 워싱 디테일이 멋스러우며, 어떤 상의와도 잘 어울려 데일리룩에 활용하기 좋습니다.",모던 옴므,차콜 그레이,"M, L",78000,사계절
데님팬츠_0002.jpg,벌룬핏 워싱 데님 팬츠,"넉넉한 벌룬핏의 워싱 데님 팬츠입니다. 허리 부분은 밴딩으로 편안하며, 사이드 포켓과 스티치 디테일이 캐주얼한 무드를 더해줍니다.",스트릿 무드,블랙 워싱,"S, M, L",92000,사계절
데님팬츠_0003.jpg,다크 인디고 와이드 데님 팬츠,"깊은 인디고 컬러의 와이드 데님 팬츠입니다. 미니멀한 디자인으로 다양한 스타일에 매치하기 좋으며, 깔끔하고 단정한 느낌을 연출합니다.",시크 데님,다크 인디고,"S, M, L",85000,사계절
데님팬츠_0004.jpg,그래픽 벌룬핏 데님 팬츠,"백 포켓과 사이드에 유니크한 그래픽 자수가 포인트인 벌룬핏 데님 팬츠입니다. 넉넉한 핏으로 편안하며, 개성 있는 스트릿룩을 연출하기 좋습니다.",힙스터 데님,블랙,"S, M, L",98000,사계절
데님팬츠_0005.jpg,빈티지 워싱 벌룬핏 데님 팬츠,"빈티지한 워싱 디테일이 돋보이는 벌룬핏 데님 팬츠입니다. 넉넉한 실루엣과 밑단 스트링으로 다양한 스타일링이 가능하며, 캐주얼하고 자유로운 느낌을 줍니다.",레트로 데님,빈티지 블루,"S, M, L",89000,사계절
데님팬츠_0006.jpg,와이드 카펜터 데님 팬츠,"사이드에 카펜터 디테일이 더해진 와이드핏 데님 팬츠입니다. 빈티지한 워싱과 넉넉한 실루엣이 워크웨어 무드를 연출하며, 캐주얼한 데일리룩에 좋습니다.",워크웨어 데님,빈티지 블루,"M, L",95000,사계절
데님팬츠_0007.jpg,패치워크 와이드 데님 팬츠,"무릎 부분에 패치워크 디테일이 돋보이는 와이드 데님 팬츠입니다. 밝은 인디고 컬러와 넉넉한 핏이 시원하고 캐주얼한 느낌을 주며, 편안한 착용감을 제공합니다.",유틸리티 데님,라이트 인디고,"S, M, L",99000,사계절
데님팬츠_0008.jpg,세로 스트라이프 데님 벌룬 팬츠,"세로 스트라이프 패턴이 들어간 데님 벌룬 팬츠입니다. 넉넉한 핏과 독특한 패턴이 유니크하며, 캐주얼하면서도 스타일리시한 코디에 좋습니다.",패턴 데님,다크 블루 스트라이프,"M, L",110000,사계절
데님팬츠_0009.jpg,와이드핏 블랙 데님 팬츠,"깔끔한 디자인의 와이드핏 블랙 데님 팬츠입니다. 자연스러운 워싱이 은은하게 들어가 있으며, 다양한 상의와 매치하여 시크하거나 캐주얼하게 연출하기 좋습니다.",모던 블랙,블랙,"S, M, L",72000,사계절
데님팬츠_0010.jpg,오버핏 와이드 데님 팬츠,"넉넉한 오버핏의 와이드 데님 팬츠입니다. 밝은 인디고 컬러와 자연스러운 워싱이 시원한 느낌을 주며, 편안하면서도 스타일리시한 데일리룩에 활용하기 좋습니다.",루즈핏 데님,라이트 인디고,"M, L",88000,사계절
데님팬츠_0011.jpg,빈티지 와이드핏 데님 팬츠,"자연스러운 워싱 디테일이 돋보이는 빈티지 와이드핏 데님 팬츠입니다. 넉넉한 핏으로 편안하며, 부츠나 스니커즈와 매치하여 스타일리시한 룩을 연출하기 좋습니다.",레트로 진,빈티지 블루,"M, L",85000,사계절
데님팬츠_0012.jpg,지퍼 디테일 와이드 카고 팬츠,"지퍼와 스냅 버튼 디테일이 돋보이는 와이드 카고 팬츠입니다. 넉넉한 핏으로 편안하며, 스트릿 무드를 연출하기 좋습니다.",어반 카고,블랙,"S, M, L",98000,사계절
데님팬츠_0013.jpg,부츠컷 데님 팬츠,"허벅지부터 자연스럽게 퍼지는 부츠컷 라인의 데님 팬츠입니다. 복고적인 무드를 연출하며, 스니커즈나 부츠와 매치하여 다리가 길어 보이는 효과를 줍니다.",레트로 부츠컷,미디엄 블루,"S, M, L",79000,사계절
데님팬츠_0014.jpg,와이드핏 블랙 데님 팬츠 (무지),"군더더기 없이 깔끔한 디자인의 와이드핏 블랙 데님 팬츠입니다. 넉넉한 핏으로 편안하며, 어떤 상의와도 잘 어울려 데일리룩에 활용하기 좋은 기본 아이템입니다.",모던 블랙,블랙,"M, L",72000,사계절
데님팬츠_0015.jpg,화이트 와이드 데님 팬츠,"화사한 화이트 컬러의 와이드 데님 팬츠입니다. 넉넉한 핏과 깔끔한 디자인으로 여름철 시원하게 입기 좋으며, 다양한 컬러의 상의와 매치하기 좋습니다.",클린 화이트,화이트,"S, M, L",88000,"봄, 여름"
데님팬츠_0016.jpg,다크 워싱 스트레이트 데님 팬츠,"다크한 워싱이 멋스러운 스트레이트핏 데님 팬츠입니다. 밑단을 롤업하여 캐주얼하게 연출하거나, 그대로 내려 입어 깔끔한 룩을 완성할 수 있습니다.",빈티지 워싱,블랙,"M, L",95000,사계절
데님팬츠_0017.jpg,와이드핏 흑청 데님 팬츠 (워싱),자연스러운 워싱이 멋스러운 와이드핏 흑청 데님 팬츠입니다. 넉넉한 실루엣과 트렌디한 디자인으로 스트릿 무드를 연출하기 좋습니다.,어반 스트릿,흑청 워싱,"S, M, L",89000,사계절
데님팬츠_0018.jpg,벌룬핏 다크 인디고 데님 팬츠,"넉넉한 벌룬핏의 다크 인디고 데님 팬츠입니다. 밑단으로 갈수록 좁아지는 디자인으로 유니크하며, 캐주얼하면서도 스타일리시한 코디에 좋습니다.",레트로 벌룬,다크 인디고,"M, L",110000,사계절
데님팬츠_0019.jpg,베이직 와이드핏 블랙 데님 팬츠,"깔끔한 디자인의 와이드핏 블랙 데님 팬츠입니다. 넉넉한 핏으로 편안하며, 벨트와 함께 매치하여 세련된 데일리룩을 연출하기 좋습니다.",심플 블랙,블랙,"M, L",78000,사계절
데님팬츠_0020.jpg,빈티지 부츠컷 데님 팬츠,"빈티지한 워싱이 매력적인 부츠컷 데님 팬츠입니다. 하이웨이스트 디자인으로 다리가 길어 보이며, 캐주얼하면서도 트렌디한 룩을 연출하기 좋습니다.",레트로 진,미디엄 블루,"S, M, L",82000,사계절
데님팬츠_0021.jpg,빈티지 워싱 와이드핏 데님 팬츠,"자연스러운 워싱과 여유로운 와이드핏이 돋보이는 데님 팬츠입니다. 빈티지한 무드로 다양한 캐주얼룩에 잘 어울리며, 편안한 착용감을 제공합니다.",레트로 진,빈티지 블랙,"M, L",88000,사계절
데님팬츠_0022.jpg,미디엄 워싱 스트레이트 데님 팬츠,"적당한 워싱이 들어간 스트레이트핏 데님 팬츠입니다. 깔끔하게 떨어지는 라인으로 어떤 상의와도 매치하기 좋으며, 데일리룩으로 활용도가 높습니다.",베이직 데님,미디엄 블루,"S, M, L",75000,사계절
데님팬츠_0023.jpg,그래픽 다크 인디고 데님 팬츠,"사이드에 유니크한 그래픽 자수가 포인트인 다크 인디고 데님 팬츠입니다. 넉넉한 핏으로 편안하며, 개성 있는 스트릿 무드를 연출하기 좋습니다.",아더월드,다크 인디고,"S, M, L",95000,사계절
데님팬츠_0024.jpg,빈티지 라이트 워싱 와이드 데님 팬츠,"밝은 워싱이 돋보이는 빈티지 와이드 데님 팬츠입니다. 넉넉한 핏과 벨트 디테일이 캐주얼한 무드를 더해주며, 여름철 시원하게 입기 좋습니다.",썬셋 워싱,라이트 블루,"S, M, L",82000,"봄, 여름"
데님팬츠_0025.jpg,논 워싱 다크 인디고 벌룬 데님,워싱이 없는 깔끔한 다크 인디고 컬러의 벌룬핏 데님 팬츠입니다. 독특한 실루엣과 미니멀한 디자인으로 다양한 스타일을 연출하기 좋습니다.,딥 인디고,다크 인디고,"M, L",110000,사계절
데님팬츠_0026.jpg,스트레이트핏 워싱 블랙 데님 팬츠,"자연스러운 워싱이 들어간 스트레이트핏 블랙 데님 팬츠입니다. 깔끔하게 떨어지는 라인으로 데일리룩에 활용하기 좋으며, 다양한 스타일을 연출할 수 있습니다.",시크 블랙,블랙,"S, M, L",79000,사계절
데님팬츠_0027.jpg,로고 자수 벌룬핏 데님 팬츠,"백 포켓에 로고 자수가 포인트인 벌룬핏 데님 팬츠입니다. 넉넉한 핏과 유니크한 디자인으로 스트릿 무드를 연출하며, 캐주얼한 코디에 좋습니다.",딥블루,다크 인디고,"S, M, L",98000,사계절
데님팬츠_0028.jpg,생지 스트레이트핏 데님 팬츠,"워싱이 없는 깔끔한 생지 데님 팬츠입니다. 시간이 지날수록 자연스러운 워싱이 생겨 더욱 멋스러우며, 롤업하여 입거나 깔끔하게 연출하기 좋습니다.",오리지널 생지,다크 인디고,"M, L",129000,사계절
데님팬츠_0029.jpg,하이웨이스트 부츠컷 데님 팬츠,"다리가 길어 보이는 하이웨이스트 부츠컷 데님 팬츠입니다. 깔끔한 워싱과 슬림한 라인이 여성스러운 실루엣을 연출하며, 다양한 슈즈와 매치하기 좋습니다.",슬림 부츠컷,미디엄 블루,"S, M",72000,사계절
데님팬츠_0030.jpg,연청 와이드핏 데님 팬츠,"시원한 연청 컬러의 와이드핏 데님 팬츠입니다. 넉넉한 핏으로 편안하며, 벨트와 함께 매치하여 캐주얼하면서도 스타일리시한 데일리룩을 완성하기 좋습니다.",아이스 블루,라이트 블루,"M, L",85000,"봄, 여름"
데님팬츠_0031.jpg,핀턱 워싱 스트레이트 데님,"앞면에 핀턱 주름 디테일이 들어간 워싱 스트레이트 데님입니다. 깔끔하게 떨어지는 라인과 빈티지한 워싱이 멋스러우며, 단정하면서도 캐주얼한 룩에 좋습니다.",모던 옴므,차콜 그레이,"M, L",89000,사계절
데님팬츠_0032.jpg,오버핏 벌룬 데님 팬츠,"극강의 오버핏으로 유니크한 실루엣을 연출하는 벌룬 데님 팬츠입니다. 허리는 밴딩으로 편안하며, 다크 워싱이 스트릿 무드를 강조합니다.",오버핏 클럽,블랙 워싱,"S, M, L",115000,사계절
데님팬츠_0033.jpg,와이드핏 논 워싱 생지 데님,"워싱이 없는 깔끔한 와이드핏 생지 데님 팬츠입니다. 스티치 라인이 포인트이며, 시간이 지날수록 자연스러운 워싱이 생겨 더욱 멋스러워집니다.",미니멀 데님,다크 인디고,"S, M, L",95000,사계절
데님팬츠_0034.jpg,핀턱 워싱 와이드핏 데님 팬츠,"앞면에 핀턱 주름 디테일이 들어간 워싱 와이드핏 데님입니다. 넉넉한 핏과 차콜 그레이 워싱이 세련된 느낌을 주며, 편안한 데일리룩에 좋습니다.",어반 데님,차콜 그레이,"M, L",85000,사계절
데님팬츠_0035.jpg,백 로고 루즈핏 데님 팬츠,"백 포켓에 빅 로고 프린팅이 포인트인 루즈핏 데님 팬츠입니다. 밝은 연청 컬러와 넉넉한 핏이 캐주얼하고 자유로운 느낌을 주며, 스트릿룩에 활용하기 좋습니다.",틴에이지 무드,라이트 블루,"S, M, L",92000,사계절
데님팬츠_0036.jpg,투톤 워싱 와이드 데님 팬츠,"투톤 워싱이 돋보이는 와이드 데님 팬츠입니다. 넉넉한 핏과 워싱 디테일이 트렌디하며, 다양한 상의와 매치하여 개성 있는 데일리룩을 연출하기 좋습니다.",레트로 워싱,블랙/블루,"M, L",99000,사계절
데님팬츠_0037.jpg,슈퍼 와이드 벌룬 데님 팬츠,매우 넉넉한 슈퍼 와이드핏으로 극강의 스트릿 무드를 연출하는 벌룬 데님 팬츠입니다. 빈티지 워싱과 밑단 주름 디테일이 유니크합니다.,익스트림 와이드,빈티지 블루,"S, M, L",108000,사계절
데님팬츠_0038.jpg,논 워싱 와이드 스트레이트 데님,"워싱이 없는 깔끔한 와이드 스트레이트 데님 팬츠입니다. 탄탄한 데님 소재와 미니멀한 디자인으로 다양한 스타일에 활용하기 좋으며, 클래식한 무드를 연출합니다.",스탠다드 데님,다크 인디고,"S, M, L",98000,사계절
데님팬츠_0039.jpg,하이웨이스트 부츠컷 데님 팬츠,슬림한 허리 라인과 하이웨이스트 디자인으로 다리가 길어 보이는 부츠컷 데님 팬츠입니다. 자연스러운 워싱과 깔끔한 라인이 여성스러운 룩에 좋습니다.,롱 레그 진,미디엄 블루,"S, M, L",75000,사계절
데님팬츠_0040.jpg,라이트 워싱 와이드 벌룬 데님,밝은 연청 워싱과 넉넉한 벌룬핏이 시원하고 캐주얼한 느낌을 주는 데님 팬츠입니다. 밑단으로 갈수록 좁아지는 유니크한 실루엣으로 스트릿룩에 좋습니다.,아이스 벌룬,라이트 블루,"M, L",92000,"봄, 여름"
데님팬츠_0041.jpg,와이드 루즈핏 데님 팬츠,넉넉한 와이드 루즈핏 데님 팬츠입니다. 자연스러운 워싱과 여유로운 실루엣이 편안하면서도 스타일리시한 룩을 연출합니다.,시크 캐주얼,미디엄 블루,"S, M, L",88000,사계절
데님팬츠_0042.jpg,세미 와이드핏 데님 팬츠,"적당히 여유로운 세미 와이드핏 데님 팬츠입니다. 깔끔한 워싱과 디자인으로 어떤 상의와도 잘 어울리며, 데일리룩으로 활용하기 좋습니다.",베이직 데님,라이트 블루,"S, M, L",75000,사계절
데님팬츠_0043.jpg,빈티지 워싱 와이드 데님 팬츠,"짙은 워싱이 멋스러운 빈티지 와이드 데님 팬츠입니다. 넉넉한 핏과 빈티지한 색감이 레트로 무드를 연출하며, 캐주얼한 코디에 좋습니다.",레트로 진,다크 블루,"M, L",89000,사계절
데님팬츠_0044.jpg,세로 스트라이프 와이드 카고 데님,"세로 스트라이프 패턴이 들어간 와이드 카고 데님 팬츠입니다. 넉넉한 핏과 사이드 포켓 디테일이 유니크하며, 스트릿 무드를 연출합니다.",유틸리티 카고,블랙 스트라이프,"S, M, L",98000,사계절
데님팬츠_0045.jpg,벌룬핏 워싱 데님 팬츠 (브라운),독특한 절개선과 넉넉한 벌룬핏이 돋보이는 워싱 데님 팬츠입니다. 브라운 컬러 워싱이 빈티지하고 트렌디한 무드를 연출합니다.,어반 벌룬,브라운 워싱,"S, M, L",105000,사계절
데님팬츠_0046.jpg,논 워싱 스트레이트 데님 팬츠,"워싱이 없는 깔끔한 스트레이트핏 데님 팬츠입니다. 군더더기 없는 디자인과 탄탄한 데님 소재로 데일리룩에 활용하기 좋으며, 다양한 상의와 매치하기 좋습니다.",에센셜 데님,다크 인디고,"M, L",82000,사계절
데님팬츠_0047.jpg,백 레더 패치 벌룬 데님 팬츠,"백 포켓에 가죽 패치 디테일이 포인트인 벌룬 데님 팬츠입니다. 넉넉한 핏과 유니크한 디테일이 스트릿 무드를 강조하며, 개성 있는 코디에 좋습니다.",엣지 벌룬,다크 인디고,"S, M, L",118000,사계절
데님팬츠_0048.jpg,핀턱 와이드 워싱 데님 팬츠,"앞면에 핀턱 주름 디테일이 들어간 와이드 워싱 데님 팬츠입니다. 넉넉한 핏과 자연스러운 워싱이 편안하면서도 세련된 느낌을 주며, 데일리룩에 활용하기 좋습니다.",모던 핀턱,차콜 그레이,"M, L",92000,사계절
데님팬츠_0049.jpg,패치워크 와이드 생지 데님,"다양한 패치워크 디테일이 돋보이는 와이드 생지 데님 팬츠입니다. 넉넉한 핏과 유니크한 디자인으로 스트릿 무드를 연출하기 좋으며, 개성 있는 코디에 좋습니다.",유니크 데님,다크 인디고,"S, M, L",105000,사계절
데님팬츠_0050.jpg,핀턱 루즈핏 연청 데님 팬츠,"앞면에 핀턱 주름 디테일이 들어간 루즈핏 연청 데님 팬츠입니다. 넉넉한 핏과 시원한 연청 컬러가 캐주얼한 느낌을 주며, 편안한 데일리룩에 좋습니다.",아이스 핀턱,라이트 블루,"M, L",85000,"봄, 여름"
데님팬츠_0051.jpg,워싱 카펜터 와이드 데님 팬츠,"워싱 디테일이 돋보이는 카펜터 디자인의 와이드 데님 팬츠입니다. 넉넉한 핏과 사이드 포켓이 워크웨어 무드를 연출하며, 캐주얼한 데일리룩에 좋습니다.",빈티지 워크,차콜 그레이,"M, L",98000,사계절
데님팬츠_0052.jpg,오버핏 벌룬 워싱 데님 팬츠,"허리 밴딩과 넉넉한 오버핏이 특징인 벌룬 워싱 데님 팬츠입니다. 그라데이션 워싱이 유니크하며, 스트릿 무드를 연출하기 좋습니다.",그라데이션,흑청 그라데이션,"S, M, L",110000,사계절
데님팬츠_0053.jpg,라이트 워싱 와이드핏 데님 팬츠,"밝은 워싱이 시원한 느낌을 주는 와이드핏 데님 팬츠입니다. 넉넉한 핏과 깔끔한 디자인으로 다양한 상의와 매치하기 좋으며, 편안한 착용감을 제공합니다.",아이스 블루,라이트 블루,"S, M, L",79000,"봄, 여름"
데님팬츠_0054.jpg,핀턱 와이드 생지 데님 팬츠,앞면에 핀턱 주름 디테일이 들어간 와이드 생지 데님 팬츠입니다. 깔끔한 다크 인디고 컬러와 넉넉한 핏이 모던하면서도 캐주얼한 느낌을 줍니다.,모던 핀턱,다크 인디고,"M, L",92000,사계절
데님팬츠_0055.jpg,워싱 스트레이트핏 블랙 데님 팬츠,자연스러운 워싱이 들어간 스트레이트핏 블랙 데님 팬츠입니다. 깔끔하게 떨어지는 라인과 무난한 디자인으로 데일리룩에 활용하기 좋습니다.,베이직 블랙,블랙,"S, M, L",78000,사계절
데님팬츠_0056.jpg,레터링 포인트 워싱 와이드 데님,"사이드에 레터링 자수 디테일이 포인트인 워싱 와이드 데님 팬츠입니다. 넉넉한 핏과 워싱이 트렌디하며, 개성 있는 스트릿룩을 연출하기 좋습니다.",폰트 데님,차콜 그레이,"S, M, L",105000,사계절
데님팬츠_0057.jpg,빈티지 워싱 스트레이트 데님 팬츠,"전체적으로 빈티지한 워싱이 들어간 스트레이트핏 데님 팬츠입니다. 밑단을 롤업하여 입거나 자연스럽게 연출하기 좋으며, 클래식한 무드를 줍니다.",레트로 워싱,미디엄 블루,"M, L",95000,사계절
데님팬츠_0058.jpg,핀턱 와이드 논 워싱 생지 데님,앞면에 핀턱 주름 디테일이 들어간 와이드 논 워싱 생지 데님 팬츠입니다. 깔끔한 디자인과 탄탄한 데님 소재로 포멀하거나 캐주얼하게 연출하기 좋습니다.,미니멀 데님,다크 인디고,"S, M, L",115000,사계절
데님팬츠_0059.jpg,블랙 와이드핏 데님 팬츠,"깔끔한 블랙 컬러의 와이드핏 데님 팬츠입니다. 넉넉한 핏으로 편안하며, 어떤 상의와도 매치하기 좋아 데일리룩으로 활용도가 높습니다.",시크 블랙,블랙,"M, L",75000,사계절
데님팬츠_0060.jpg,오버핏 벌룬 코튼 팬츠,"넉넉한 오버핏의 벌룬 코튼 팬츠입니다. 허리 밴딩과 밑단 스트링으로 편안하며, 브라운, 차콜, 블랙 세 가지 컬러로 구성되어 다양한 스타일링이 가능합니다.",벌룬 코튼,"브라운, 차콜, 블랙","S, M, L",89000,사계절
베스트_0001.jpg,브이넥 패턴 니트 베스트,"전면에 유니크한 그래픽 패턴이 들어간 브이넥 니트 베스트입니다. 옅은 그레이 바탕에 블루 컬러 배색이 포인트로, 셔츠나 티셔츠 위에 레이어드하여 캐주얼하면서도 개성 있는 룩을 연출하기 좋습니다.",레트로 니트,"그레이, 블루","S, M, L",78000,"봄, 가을"
베스트_0002.jpg,케이블 니트 크롭 베스트,"클래식한 케이블 짜임의 크롭 니트 베스트입니다. 옆면 스트랩 디테일로 사이즈 조절이 가능하며, 셔츠나 티셔츠 위에 레이어드하여 여성스럽고 트렌디한 스타일을 연출할 수 있습니다.",루즈핏 니트,그레이,"S, M, L",65000,"봄, 가을"
베스트_0003.jpg,유틸리티 포켓 베스트,"여러 개의 포켓 디테일이 돋보이는 유틸리티 베스트입니다. 아웃도어 활동이나 캐주얼한 스타일에 활용하기 좋으며, 티셔츠나 셔츠 위에 레이어드하여 실용적이면서도 스타일리시한 룩을 완성할 수 있습니다.",아웃도어,카키,"M, L",89000,사계절
베스트_0004.jpg,베이직 브이넥 니트 베스트,"미니멀한 디자인의 베이직 브이넥 니트 베스트입니다. 넉넉한 핏으로 편안하게 착용할 수 있으며, 셔츠나 티셔츠 위에 레이어드하여 단정하면서도 세련된 데일리룩을 연출하기 좋습니다.",에센셜,블랙,"S, M, L",59000,사계절
베스트_0005.jpg,퀼팅 경량 베스트,"물결 퀼팅 패턴이 돋보이는 경량 베스트입니다. 가벼우면서도 따뜻하여 간절기 아우터나 이너로 활용하기 좋으며, 활동적인 스타일에 매치하기 좋습니다.",스포츠웨어,스카이 블루,"S, M, L",110000,"봄, 가을, 겨울"
베스트_0006.jpg,테크웨어 풀 집업 베스트,"블랙 컬러의 테크웨어 무드 풀 집업 베스트입니다. 지퍼와 끈 디테일이 돋보이며, 모던하고 시크한 스트릿룩을 연출하기 좋습니다.",모던 테크,블랙,"S, M, L",72000,사계절
베스트_0007.jpg,플라워 패턴 경량 베스트 (5종),"화사한 플라워 패턴이 돋보이는 경량 베스트입니다. 다양한 색상과 패턴으로 구성되어 취향에 맞게 선택할 수 있으며, 이너웨어로 따뜻하고 편안하게 착용하기 좋습니다.",데일리룩,"레드, 핑크, 퍼플, 베이지, 블루","S, M, L",35000,사계절
베스트_0008.jpg,후드 포켓 유틸리티 베스트,"후드와 여러 개의 포켓 디테일이 돋보이는 유틸리티 베스트입니다. 가벼운 소재로 제작되어 간절기에 활용하기 좋으며, 캐주얼하고 활동적인 스타일에 매치하기 좋습니다.",테크 베스트,그레이,"S, M, L",92000,"봄, 가을"
베스트_0009.jpg,루즈핏 후드 집업 베스트,"넉넉한 루즈핏의 후드 집업 베스트입니다. 깔끔한 디자인과 그레이 컬러가 데일리룩에 활용하기 좋으며, 티셔츠나 맨투맨 위에 가볍게 걸쳐 캐주얼한 룩을 연출할 수 있습니다.",루즈핏,라이트 그레이,"M, L",68000,"봄, 가을"
베스트_0010.jpg,V넥 패턴 니트 베스트,"잔잔한 패턴이 들어간 V넥 니트 베스트입니다. 차콜 그레이 컬러와 넉넉한 핏으로 편안하게 착용할 수 있으며, 셔츠나 티셔츠 위에 레이어드하여 단정하면서도 캐주얼한 룩을 연출하기 좋습니다.",체크 니트,차콜 그레이,"S, M, L",75000,"봄, 가을"
베스트_0011.jpg,로고 경량 패딩 베스트,"앞면에 브랜드 로고 디테일이 있는 경량 패딩 베스트입니다. 높은 보온성으로 간절기부터 겨울까지 활용하기 좋으며, 다양한 이너 위에 레이어드하여 캐주얼룩을 연출할 수 있습니다.",데상트,블랙,"S, M, L",159000,"가을, 겨울"
베스트_0012.jpg,플리스 집업 베스트,"부드러운 플리스 소재의 집업 베스트입니다. 가볍고 따뜻하여 간절기 아우터나 이너로 활용하기 좋으며, 아웃도어 활동이나 캐주얼한 데일리룩에 매치하기 좋습니다.",아웃도어,베이지,"M, L",69000,"봄, 가을, 겨울"
베스트_0013.jpg,베이직 플리스 집업 베스트,"미니멀한 디자인의 베이직 플리스 집업 베스트입니다. 가볍고 따뜻하여 레이어드하기 좋으며, 활동적인 스타일이나 데일리룩에 편안하게 착용할 수 있습니다.",에센셜,블랙,"S, M, L",59000,사계절
베스트_0014.jpg,스트라이프 후드 니트 베스트,"그레이와 블랙 스트라이프 패턴이 들어간 후드 니트 베스트입니다. 지퍼 디테일과 포켓으로 캐주얼하며, 티셔츠 위에 레이어드하여 개성 있는 룩을 연출하기 좋습니다.",스트릿 니트,"그레이, 블랙","S, M, L",85000,"봄, 가을"
베스트_0015.jpg,에코 퍼 베스트,"부드러운 에코 퍼 소재로 제작된 베스트입니다. 고급스러운 블랙 컬러와 풍성한 퍼가 따뜻하고 세련된 겨울룩을 연출하며, 다양한 이너 위에 걸쳐 포인트를 줄 수 있습니다.",럭셔리 퍼,블랙,"S, M, L",149000,겨울
베스트_0016.jpg,로고 브이넥 니트 베스트,"전면에 브랜드 로고 자수 디테일이 들어간 브이넥 니트 베스트입니다. 깔끔한 디자인과 네이비 컬러가 단정하며, 셔츠나 티셔츠 위에 레이어드하여 프레피룩이나 캐주얼룩을 연출하기 좋습니다.",내셔널지오그래픽,네이비,"M, L",79000,사계절
베스트_0017.jpg,케이블 짜임 V넥 니트 베스트,"클래식한 케이블 짜임의 V넥 니트 베스트입니다. 왼쪽 가슴에 작은 로고 자수가 포인트이며, 셔츠나 블라우스 위에 레이어드하여 단정하고 세련된 룩을 연출하기 좋습니다.",프리미엄 니트,블랙,"S, M, L",68000,"봄, 가을, 겨울"
베스트_0018.jpg,리버시블 경량 플리스 베스트,"앞면은 퀼팅 경량 소재, 뒷면은 플리스 소재로 양면 활용이 가능한 리버시블 베스트입니다. 가볍고 따뜻하여 실용적이며, 다양한 스타일에 매치하기 좋습니다.",투웨이 베스트,"라이트 그레이, 차콜","M, L",105000,"봄, 가을, 겨울"
베스트_0019.jpg,코르셋 디자인 니트 베스트,"셔츠 위에 코르셋처럼 레이어드하는 독특한 디자인의 니트 베스트입니다. 앞면 버튼 디테일이 포인트이며, 개성 있고 트렌디한 스타일을 연출하기 좋습니다.",유니크,블랙,"S, M, L",75000,사계절
베스트_0020.jpg,레더 무스탕 베스트,"시크한 레더 소재와 부드러운 안감 무스탕 디테일이 돋보이는 베스트입니다. 지퍼 여밈으로 간편하며, 겨울철 따뜻하면서도 스타일리시한 룩을 연출하기 좋습니다.",럭셔리 무스탕,블랙,"S, M, L",189000,겨울
베스트_0021.jpg,여성 경량 패딩 베스트 (블랙),"가볍고 따뜻한 여성 경량 패딩 베스트입니다. 깔끔한 디자인과 블랙 컬러가 다양한 이너와 매치하기 좋으며, 간절기부터 겨울까지 활용하기 좋은 아이템입니다.",디스커버리,블랙,"S, M, L",149000,"가을, 겨울"
베스트_0022.jpg,여성 경량 패딩 베스트 (아이보리),"가볍고 따뜻한 여성 경량 패딩 베스트입니다. 화사한 아이보리 컬러와 깔끔한 디자인이 다양한 이너와 매치하기 좋으며, 간절기부터 겨울까지 활용하기 좋은 아이템입니다.",디스커버리,아이보리,"S, M, L",149000,"가을, 겨울"
베스트_0023.jpg,퍼 카라 롱 코트,"퍼 카라 디테일이 돋보이는 롱 코트입니다. 브라운 컬러와 고급스러운 디자인이 세련된 겨울룩을 연출하며, 드레스업하거나 캐주얼하게 매치하기 좋습니다.",럭셔리 무스탕,브라운,"S, M, L",259000,겨울
베스트_0024.jpg,체리 자수 케이블 니트 베스트,"앞면에 체리 자수 디테일이 포인트인 케이블 니트 베스트입니다. 크롭 기장과 블랙 컬러가 귀여우면서도 시크한 느낌을 주며, 셔츠나 블라우스 위에 레이어드하여 캐주얼룩을 연출하기 좋습니다.",키르시,블랙,"S, M, L",68000,"봄, 가을"
베스트_0025.jpg,로고 자수 니트 베스트,"앞면에 작은 로고 자수 디테일이 있는 니트 베스트입니다. 셔츠와 레이어드하여 단정하면서도 캐주얼한 룩을 연출하기 좋으며, 깔끔한 디자인으로 데일리룩에 활용도가 높습니다.",모던 룩,그레이,"S, M, L",62000,사계절
베스트_0026.jpg,여성 경량 패딩 베스트 (블랙),"가볍고 따뜻한 여성 경량 패딩 베스트입니다. 깔끔한 디자인과 블랙 컬러가 다양한 이너와 매치하기 좋으며, 활동적인 스타일에 편안하게 착용할 수 있습니다.",언더아머,블랙,"S, M, L",129000,"가을, 겨울"
베스트_0027.jpg,V넥 케이블 니트 베스트,"클래식한 케이블 짜임의 V넥 니트 베스트입니다. 네이비 컬러와 배색 라인 디테일이 단정하면서도 프레피한 느낌을 주며, 셔츠나 블라우스 위에 레이어드하여 활용하기 좋습니다.",프레피룩,네이비,"M, L",75000,사계절
베스트_0028.jpg,플리스 집업 베스트 (블루),"선명한 블루 컬러의 플리스 집업 베스트입니다. 가볍고 따뜻하여 간절기 아우터나 이너로 활용하기 좋으며, 아웃도어 활동이나 캐주얼한 데일리룩에 포인트를 줄 수 있습니다.",아페쎄,블루,"S, M, L",119000,"봄, 가을, 겨울"
베스트_0029.jpg,트위드 V넥 니트 베스트,"트위드 질감이 느껴지는 V넥 니트 베스트입니다. 셔츠나 블라우스 위에 레이어드하여 포멀하면서도 세련된 룩을 연출하기 좋으며, 차분한 컬러가 다양한 하의와 잘 어울립니다.",클래식 트위드,차콜 그레이,"S, M, L",78000,"봄, 가을"
베스트_0030.jpg,로고 패치 플리스 베스트,"전면에 다양한 로고 패치 디테일이 있는 플리스 베스트입니다. 따뜻하고 부드러운 소재로 제작되었으며, 캐주얼하면서도 활동적인 스타일에 포인트를 줄 수 있습니다.",데상트,블랙,"S, M, L",169000,"가을, 겨울"
베스트_0031.jpg,케이블 V넥 니트 베스트 (블랙),"클래식한 케이블 짜임의 V넥 니트 베스트입니다. 가슴 부분의 작은 로고 자수가 포인트이며, 셔츠나 티셔츠 위에 레이어드하여 캐주얼하면서도 단정한 룩을 연출하기 좋습니다.",아디다스 오리지널스,블랙,"S, M, L",89000,사계절
베스트_0032.jpg,아가일 패턴 라운드넥 니트 베스트,핑크와 그레이 컬러의 아가일 패턴이 돋보이는 라운드넥 니트 베스트입니다. 셔츠나 티셔츠 위에 레이어드하여 프레피하면서도 여성스러운 룩을 연출하기 좋습니다.,레트로 니트,"핑크, 그레이","S, M, L",65000,"봄, 가을"
베스트_0033.jpg,로고 자수 라운드넥 니트 베스트,"앞면에 작은 로고 자수 디테일이 있는 라운드넥 니트 베스트입니다. 넉넉한 핏과 블랙 컬러가 다양한 상의와 매치하기 좋으며, 캐주얼한 데일리룩에 활용하기 좋습니다.",에센셜,블랙,"S, M, L",59000,사계절
베스트_0034.jpg,버튼 여밈 V넥 베스트,"버튼 여밈 디테일의 V넥 베스트입니다. 깔끔한 블랙 컬러와 슬림한 핏이 시크하며, 블라우스나 셔츠 위에 레이어드하여 포멀하면서도 세련된 룩을 연출하기 좋습니다.",모던 시크,블랙,"S, M",78000,사계절
베스트_0035.jpg,경량 유틸리티 베스트,"가볍고 실용적인 디자인의 경량 유틸리티 베스트입니다. 여러 개의 포켓과 지퍼 디테일이 아웃도어 활동이나 캐주얼한 스타일에 활용하기 좋으며, 편안한 착용감을 제공합니다.",스노우피크,블랙,"M, L",139000,"봄, 가을"
베스트_0036.jpg,아가일 패턴 V넥 니트 베스트,"네이비, 그린, 화이트 컬러의 아가일 패턴이 돋보이는 V넥 니트 베스트입니다. 셔츠나 블라우스 위에 레이어드하여 프레피하면서도 클래식한 룩을 연출하기 좋습니다.",셀리트,"네이비, 그린, 화이트","S, M, L",72000,"봄, 가을"
베스트_0037.jpg,플리스 배색 코듀로이 베스트,"코듀로이 소재와 플리스 안감이 돋보이는 배색 베스트입니다. 따뜻하고 부드러운 소재로 간절기부터 겨울까지 활용하기 좋으며, 캐주얼하면서도 트렌디한 룩을 연출할 수 있습니다.",포그,"네이비, 브라운","M, L",110000,"가을, 겨울"
베스트_0038.jpg,포켓 로고 플리스 베스트,"앞면에 포켓과 로고 디테일이 있는 플리스 베스트입니다. 가볍고 따뜻하여 간절기 아우터나 이너로 활용하기 좋으며, 아웃도어 활동이나 캐주얼한 데일리룩에 매치하기 좋습니다.",비컴,블랙,"M, L",68000,"봄, 가을, 겨울"
베스트_0039.jpg,양면 플리스 베스트 (브라운),"부드러운 플리스 소재의 양면 베스트입니다. 브라운 컬러와 베이지 컬러가 배색되어 다양한 스타일링이 가능하며, 넉넉한 핏으로 편안하게 착용할 수 있습니다.",레트로 플리스,브라운,"M, L",85000,"가을, 겨울"
베스트_0040.jpg,3D 플라워 니트 베스트,"입체적인 3D 플라워 디테일이 돋보이는 니트 베스트입니다. 화이트 컬러와 유니크한 디자인이 여성스럽고 사랑스러운 룩을 연출하며, 블라우스나 셔츠 위에 레이어드하여 포인트를 줄 수 있습니다.",블룸 니트,화이트,"S, M, L",95000,"봄, 가을"
셔츠_블라우스_0001.jpg,코듀로이 포켓 셔츠,"베이지 컬러의 코듀로이 소재 셔츠입니다. 앞면 포켓에 로고 자수가 포인트이며, 단독으로 입거나 아우터처럼 걸쳐 캐주얼한 룩을 연출하기 좋습니다.",새터,베이지,"M, L",95000,"가을, 겨울"
셔츠_블라우스_0002.jpg,베이직 포켓 옥스포드 셔츠,"깔끔한 디자인의 화이트 옥스포드 셔츠입니다. 앞면 포켓 디테일과 레귤러 핏으로 데일리룩에 활용하기 좋으며, 단정하고 캐주얼한 느낌을 줍니다.",에센셜,화이트,"M, L",65000,사계절
셔츠_블라우스_0003.jpg,오버핏 화이트 셔츠,"넉넉한 오버핏의 화이트 셔츠입니다. 단독으로 입거나 티셔츠 위에 아우터처럼 걸쳐 다양한 스타일을 연출하기 좋으며, 미니멀하면서도 캐주얼한 느낌을 줍니다.",루즈핏,화이트,"M, L",72000,사계절
셔츠_블라우스_0004.jpg,오버핏 코튼 셔츠 (브라운),"브라운 컬러의 넉넉한 오버핏 코튼 셔츠입니다. 빈티지한 워싱 디테일이 멋스러우며, 단독으로 입거나 아우터처럼 걸쳐 캐주얼한 데일리룩을 연출하기 좋습니다.",빈티지 워싱,브라운,"M, L",88000,사계절
셔츠_블라우스_0005.jpg,베이직 포켓 코튼 셔츠 (5컬러),"깔끔한 디자인의 베이직 코튼 셔츠입니다. 화이트, 스카이블루, 블랙, 베이지, 네이비, 그레이 등 다양한 컬러로 구성되어 있으며, 단독으로 입거나 레이어드하여 활용하기 좋습니다.",모던 클래식,"화이트, 스카이블루, 블랙, 베이지, 네이비, 그레이","S, M, L",59000,사계절
셔츠_블라우스_0006.jpg,스웨이드 터치 셔츠,"부드러운 스웨이드 터치 소재의 셔츠입니다. 고급스러운 브라운 컬러와 미니멀한 디자인이 세련된 룩을 연출하며, 단독으로 입거나 니트웨어와 레이어드하여 활용하기 좋습니다.",소프트 터치,브라운,"M, L",98000,"가을, 겨울"
셔츠_블라우스_0007.jpg,블랙 웨스턴 데님 셔츠,"블랙 컬러의 웨스턴 스타일 데님 셔츠입니다. 독특한 포켓 디테일과 스냅 버튼이 포인트이며, 단독으로 입거나 아우터처럼 걸쳐 빈티지하고 시크한 룩을 연출하기 좋습니다.",빈티지 웨스턴,블랙,"S, M, L",115000,사계절
셔츠_블라우스_0008.jpg,코듀로이 웨스턴 셔츠 (오렌지 브라운),"오렌지 브라운 컬러의 코듀로이 웨스턴 셔츠입니다. 독특한 포켓 디테일과 스냅 버튼이 포인트이며, 단독으로 입거나 아우터처럼 걸쳐 레트로하고 캐주얼한 룩을 연출하기 좋습니다.",골드스미스,오렌지 브라운,"M, L",105000,"가을, 겨울"
셔츠_블라우스_0009.jpg,데님 레귤러핏 셔츠,"깔끔한 디자인의 데님 레귤러핏 셔츠입니다. 짙은 인디고 컬러와 미니멀한 디자인이 다양한 하의와 매치하기 좋으며, 캐주얼하면서도 단정한 느낌을 줍니다.",에센셜 데님,다크 인디고,"M, L",85000,사계절
셔츠_블라우스_0010.jpg,포니 자수 옥스포드 셔츠 (스카이블루),"왼쪽 가슴에 포니 자수 디테일이 있는 스카이블루 옥스포드 셔츠입니다. 깔끔한 디자인과 밝은 컬러가 단정하면서도 캐주얼한 룩을 연출하며, 데일리웨어로 활용하기 좋습니다.",폴로 랄프 로렌,스카이블루,"M, L",129000,사계절
셔츠_블라우스_0011.jpg,텍스처드 블랙 블라우스,"독특한 텍스처 디테일이 돋보이는 블랙 블라우스입니다. 슬림한 핏과 차분한 컬러가 시크하면서도 세련된 룩을 연출하며, 단독으로 입거나 아우터와 레이어드하여 활용하기 좋습니다.",모던 시크,블랙,"S, M, L",85000,사계절
셔츠_블라우스_0012.jpg,코듀로이 오버핏 셔츠 (브라운),"브라운 컬러의 코듀로이 오버핏 셔츠입니다. 넉넉한 핏과 따뜻한 코듀로이 소재가 편안하면서도 캐주얼한 느낌을 주며, 단독으로 입거나 아우터처럼 걸쳐 활용하기 좋습니다.",빈티지 워크,브라운,"M, L",92000,"가을, 겨울"
셔츠_블라우스_0013.jpg,프릴 시스루 블라우스,"프릴 디테일과 시스루 소재가 돋보이는 블랙 블라우스입니다. 로맨틱하면서도 시크한 분위기를 연출하며, 스커트나 슬랙스와 매치하여 페미닌한 룩을 완성할 수 있습니다.",로맨틱 시크,블랙,"S, M, L",78000,사계절
셔츠_블라우스_0014.jpg,워싱 블랙 코튼 셔츠,"빈티지한 워싱 디테일이 들어간 블랙 코튼 셔츠입니다. 넉넉한 핏과 내추럴한 컬러가 캐주얼하면서도 멋스러운 느낌을 주며, 단독으로 입거나 아우터처럼 걸쳐 활용하기 좋습니다.",빈티지 캐주얼,블랙,"M, L",89000,사계절
셔츠_블라우스_0015.jpg,베이직 포멀 화이트 셔츠,"깔끔한 디자인의 베이직 포멀 화이트 셔츠입니다. 슬림한 핏과 단정한 디자인이 비즈니스룩이나 포멀룩에 활용하기 좋으며, 다양한 하의와 매치하기 좋습니다.",포멀웨어,화이트,"S, M, L",68000,사계절
셔츠_블라우스_0016.jpg,체크 웨스턴 셔츠 (블랙),"블랙 & 화이트 체크 패턴의 웨스턴 셔츠입니다. 컷오프 밑단과 스냅 버튼, 포켓 디테일이 빈티지하면서도 시크한 느낌을 주며, 단독으로 입거나 티셔츠 위에 아우터처럼 걸쳐 활용하기 좋습니다.",빈티지 웨스턴,"블랙, 화이트","M, L",105000,사계절
셔츠_블라우스_0017.jpg,체크 플란넬 셔츠 (브라운),"브라운 컬러 체크 패턴의 플란넬 셔츠입니다. 넉넉한 핏과 부드러운 소재가 편안하면서도 따뜻한 느낌을 주며, 간절기 아우터나 이너로 활용하기 좋습니다.",캐주얼 체크,브라운,"S, M, L",75000,"가을, 겨울"
셔츠_블라우스_0018.jpg,프릴 카라 블랙 블라우스,"프릴 카라와 주름 디테일이 돋보이는 블랙 블라우스입니다. 단정하면서도 여성스러운 느낌을 주며, 스커트나 슬랙스와 매치하여 포멀하거나 페미닌한 룩을 연출하기 좋습니다.",페미닌,블랙,"S, M, L",79000,사계절
셔츠_블라우스_0019.jpg,스터드 코듀로이 오버핏 셔츠 (브라운),"브라운 컬러의 코듀로이 오버핏 셔츠입니다. 앞면 포켓에 스터드 장식 디테일이 포인트이며, 단독으로 입거나 아우터처럼 걸쳐 빈티지하고 캐주얼한 룩을 연출하기 좋습니다.",레트로 코듀로이,브라운,"M, L",98000,"가을, 겨울"
셔츠_블라우스_0020.jpg,슬림핏 베이직 화이트 셔츠,"깔끔한 디자인의 슬림핏 베이직 화이트 셔츠입니다. 단정하고 세련된 느낌을 주며, 비즈니스룩이나 포멀룩, 데일리룩에 다양하게 활용하기 좋습니다.",모던 베이직,화이트,"S, M, L",68000,사계절
셔츠_블라우스_0021.jpg,코듀로이 포켓 셔츠 (블랙),"블랙 컬러의 코듀로이 소재 셔츠입니다. 앞면 포켓에 로고 자수가 포인트이며, 단독으로 입거나 아우터처럼 걸쳐 캐주얼한 룩을 연출하기 좋습니다.",새터,블랙,"M, L",95000,"가을, 겨울"
셔츠_블라우스_0022.jpg,피그먼트 워싱 옥스포드 셔츠,"피그먼트 워싱 디테일이 돋보이는 옥스포드 셔츠입니다. 빈티지한 버건디 컬러와 넉넉한 핏이 캐주얼하며, 단독으로 입거나 레이어드하여 활용하기 좋습니다.",빈티지 워싱,버건디,"M, L",88000,사계절
셔츠_블라우스_0023.jpg,드레이프넥 블라우스,"고급스러운 드레이프넥 디자인의 블라우스입니다. 차분한 카키 컬러와 우아한 실루엣이 세련된 오피스룩이나 하객룩에 활용하기 좋으며, 포멀하면서도 여성스러운 느낌을 줍니다.",엘레강스,카키,"S, M, L",110000,사계절
셔츠_블라우스_0024.jpg,언발란스 브이넥 블라우스,"언발란스한 브이넥 디테일이 돋보이는 블라우스입니다. 차콜 그레이 컬러와 독특한 디자인이 시크하면서도 개성 있는 룩을 연출하며, 슬랙스나 스커트와 매치하여 활용하기 좋습니다.",모던 시크,차콜 그레이,"S, M, L",98000,사계절
셔츠_블라우스_0025.jpg,워싱 오버핏 코튼 셔츠 (4컬러),"워싱 디테일이 들어간 오버핏 코튼 셔츠입니다. 다크그린, 네이비, 버건디, 블랙 등 다양한 컬러로 구성되어 있으며, 단독으로 입거나 아우터처럼 걸쳐 캐주얼한 데일리룩을 연출하기 좋습니다.",빈티지 캐주얼,"다크그린, 네이비, 버건디, 블랙","M, L",89000,사계절
셔츠_블라우스_0026.jpg,미니멀 포켓 셔츠 (블랙),"깔끔한 디자인의 미니멀 포켓 셔츠입니다. 블랙 컬러와 넉넉한 핏이 시크하면서도 캐주얼한 느낌을 주며, 단독으로 입거나 레이어드하여 다양한 스타일을 연출하기 좋습니다.",모던 미니멀,블랙,"M, L",79000,사계절
셔츠_블라우스_0027.jpg,코듀로이 포켓 셔츠 (브라운),"브라운 컬러의 코듀로이 소재 셔츠입니다. 앞면에 포켓 디테일이 포인트이며, 단독으로 입거나 아우터처럼 걸쳐 캐주얼하면서도 따뜻한 룩을 연출하기 좋습니다.",빈티지 워크,브라운,"M, L",95000,"가을, 겨울"
셔츠_블라우스_0028.jpg,루즈핏 베이직 코튼 셔츠 (베이지),"베이직한 디자인의 루즈핏 코튼 셔츠입니다. 베이지 컬러와 넉넉한 핏이 편안하면서도 내추럴한 느낌을 주며, 다양한 하의와 매치하여 데일리룩을 연출하기 좋습니다.",에센셜,베이지,"S, M, L",68000,사계절
셔츠_블라우스_0029.jpg,코듀로이 크롭 셔츠 (네이비),"네이비 컬러의 코듀로이 크롭 셔츠입니다. 짧은 기장과 넉넉한 핏이 트렌디하며, 단독으로 입거나 티셔츠 위에 아우터처럼 걸쳐 캐주얼하면서도 스타일리시한 룩을 연출하기 좋습니다.",레트로 코듀로이,네이비,"S, M, L",85000,"가을, 겨울"
셔츠_블라우스_0030.jpg,캐주얼 워크 셔츠 자켓,"브라운 컬러의 캐주얼 워크 셔츠 자켓입니다. 넉넉한 핏과 포켓 디테일이 활동적인 느낌을 주며, 단독으로 입거나 이너 위에 아우터처럼 걸쳐 캐주얼한 데일리룩을 연출하기 좋습니다.",워크웨어,브라운,"M, L",110000,"가을, 겨울"
셔츠_블라우스_0031.jpg,체크 하프 집업 셔츠,"다크 그레이 체크 패턴의 하프 집업 셔츠입니다. 독특한 디자인과 넉넉한 핏이 캐주얼하면서도 스타일리시한 느낌을 주며, 단독으로 입거나 레이어드하여 활용하기 좋습니다.",모던 캐주얼,다크 그레이,"M, L",92000,사계절
셔츠_블라우스_0032.jpg,오버핏 데님 셔츠,"짙은 인디고 컬러의 오버핏 데님 셔츠입니다. 넉넉한 핏과 워싱 디테일이 캐주얼하면서도 빈티지한 느낌을 주며, 단독으로 입거나 아우터처럼 걸쳐 활용하기 좋습니다.",빈티지 데님,다크 인디고,"M, L",110000,사계절
셔츠_블라우스_0033.jpg,오버핏 베이직 셔츠 (네이비),"넉넉한 오버핏의 베이직 셔츠입니다. 깔끔한 네이비 컬러와 미니멀한 디자인이 다양한 하의와 매치하기 좋으며, 캐주얼하면서도 단정한 데일리룩을 연출하기 좋습니다.",에센셜,네이비,"S, M, L",69000,사계절
셔츠_블라우스_0034.jpg,슬림핏 베이직 화이트 셔츠,"깔끔한 디자인의 슬림핏 베이직 화이트 셔츠입니다. 단정하고 세련된 느낌을 주며, 비즈니스룩이나 포멀룩, 데일리룩에 다양하게 활용하기 좋습니다.",모던 베이직,화이트,"S, M, L",68000,사계절
셔츠_블라우스_0035.jpg,코듀로이 오버핏 셔츠 (차콜),"차콜 컬러의 코듀로이 오버핏 셔츠입니다. 넉넉한 핏과 따뜻한 코듀로이 소재가 편안하면서도 캐주얼한 느낌을 주며, 단독으로 입거나 아우터처럼 걸쳐 활용하기 좋습니다.",빈티지 워크,차콜,"M, L",92000,"가을, 겨울"
셔츠_블라우스_0036.jpg,오버핏 스냅 버튼 셔츠 (아이보리),"아이보리 컬러의 오버핏 스냅 버튼 셔츠입니다. 넉넉한 핏과 스냅 버튼 디테일이 캐주얼하며, 단독으로 입거나 아우터처럼 걸쳐 다양한 스타일을 연출하기 좋습니다.",캐주얼 스냅,아이보리,"M, L",85000,사계절
셔츠_블라우스_0037.jpg,셔링 홀터넥 블라우스 & 스커트 세트,"셔링 디테일의 홀터넥 블라우스와 밴딩 스커트 세트입니다. 크림 컬러와 러플 디테일이 여성스럽고 로맨틱한 느낌을 주며, 휴가룩이나 데이트룩에 활용하기 좋습니다.",로맨틱 홀터넥,크림,"S, M, L",129000,여름
셔츠_블라우스_0038.jpg,체크 플란넬 오버셔츠 (블랙),"블랙 & 화이트 체크 패턴의 플란넬 오버셔츠입니다. 넉넉한 핏과 부드러운 소재가 편안하면서도 따뜻한 느낌을 주며, 간절기 아우터나 이너로 활용하기 좋습니다.",캐주얼 체크,"블랙, 화이트","S, M, L",98000,"가을, 겨울"
셔츠_블라우스_0039.jpg,스트라이프 오버핏 셔츠 (그레이),"그레이 컬러 스트라이프 패턴의 오버핏 셔츠입니다. 넉넉한 핏과 단정한 스트라이프 패턴이 캐주얼하면서도 세련된 느낌을 주며, 단독으로 입거나 레이어드하여 활용하기 좋습니다.",모던 스트라이프,그레이,"S, M, L",78000,사계절
셔츠_블라우스_0040.jpg,데님 워크 포켓 셔츠,"네이비 컬러의 데님 워크 포켓 셔츠입니다. 여러 개의 포켓 디테일이 활동적인 느낌을 주며, 단독으로 입거나 아우터처럼 걸쳐 워크웨어 스타일을 연출하기 좋습니다.",워크웨어,네이비,"M, L",105000,사계절
셔츠_블라우스_0041.jpg,로고 자수 옥스포드 셔츠,"앞면에 로고 자수 디테일이 있는 화이트 옥스포드 셔츠입니다. 깔끔한 디자인과 레귤러 핏으로 단정하면서도 캐주얼한 느낌을 주며, 데일리룩에 활용하기 좋습니다.",브룩스 브라더스,화이트,"M, L",149000,사계절
셔츠_블라우스_0042.jpg,체크 프릴 라운드넥 블라우스,"잔잔한 체크 패턴과 프릴 라운드넥 디테일이 돋보이는 블라우스입니다. 브라운 톤의 컬러와 페미닌한 디자인이 로맨틱한 룩을 연출하며, 스커트나 팬츠와 매치하여 활용하기 좋습니다.",로맨틱 체크,브라운,"S, M, L",85000,"가을, 겨울"
셔츠_블라우스_0043.jpg,워크웨어 오버셔츠 (다크 브라운),"짙은 브라운 컬러의 워크웨어 오버셔츠입니다. 넉넉한 핏과 튼튼한 소재가 활동적인 느낌을 주며, 단독으로 입거나 아우터처럼 걸쳐 캐주얼한 데일리룩을 연출하기 좋습니다.",워크웨어,다크 브라운,"M, L",98000,사계절
셔츠_블라우스_0044.jpg,오버핏 코튼 워싱 셔츠 (카키),"카키 컬러의 오버핏 코튼 워싱 셔츠입니다. 빈티지한 워싱 디테일이 멋스러우며, 넉넉한 핏과 내추럴한 컬러가 캐주얼하면서도 트렌디한 룩을 연출하기 좋습니다.",빈티지 워싱,카키,"M, L",89000,사계절
셔츠_블라우스_0045.jpg,슬림핏 화이트 셔츠 & 타이,"슬림핏 화이트 셔츠와 블랙 타이 세트입니다. 시크하면서도 세련된 느낌을 주며, 교복 스타일이나 유니크한 데일리룩에 활용하여 개성 있는 스타일을 연출하기 좋습니다.",펑크 시크,"화이트, 블랙","S, M, L",78000,사계절
셔츠_블라우스_0046.jpg,루즈핏 포켓 린넨 셔츠,"루즈핏의 포켓 린넨 셔츠입니다. 가볍고 시원한 린넨 소재가 여름철에 착용하기 좋으며, 넉넉한 핏과 내추럴한 컬러가 편안하면서도 멋스러운 데일리룩을 연출하기 좋습니다.",내추럴 린넨,화이트,"M, L",75000,여름
셔츠_블라우스_0047.jpg,베이직 오버핏 셔츠 (그레이),"깔끔한 디자인의 오버핏 베이직 셔츠입니다. 그레이 컬러와 넉넉한 핏이 다양한 하의와 매치하기 좋으며, 캐주얼하면서도 단정한 데일리룩을 연출하기 좋습니다.",모던 베이직,그레이,"M, L",69000,사계절
셔츠_블라우스_0048.jpg,체크 플란넬 셔츠 (브라운),"브라운 컬러 체크 패턴의 플란넬 셔츠입니다. 넉넉한 핏과 부드러운 소재가 편안하면서도 따뜻한 느낌을 주며, 간절기 아우터나 이너로 활용하기 좋습니다.",캐주얼 체크,브라운,"S, M, L",75000,"가을, 겨울"
셔츠_블라우스_0049.jpg,슬림핏 화이트 블라우스,"깔끔한 디자인의 슬림핏 화이트 블라우스입니다. 단정하고 세련된 느낌을 주며, 오피스룩이나 데일리룩에 다양하게 활용하기 좋습니다.",모던 베이직,화이트,"S, M, L",68000,사계절
셔츠_블라우스_0050.jpg,워싱 데님 셔츠 자켓 (차콜),"차콜 컬러의 워싱 데님 셔츠 자켓입니다. 빈티지한 워싱 디테일과 포켓 디테일이 멋스러우며, 단독으로 입거나 아우터처럼 걸쳐 캐주얼하면서도 시크한 룩을 연출하기 좋습니다.",빈티지 데님,차콜,"M, L",120000,사계절
셔츠_블라우스_0051.jpg,워싱 데님 셔츠 자켓 (블랙),"블랙 워싱 디테일이 돋보이는 데님 셔츠 자켓입니다. 넉넉한 핏과 포켓 디테일이 캐주얼하면서도 시크한 느낌을 주며, 단독으로 입거나 아우터처럼 걸쳐 활용하기 좋습니다.",빈티지 데님,블랙,"M, L",115000,사계절
셔츠_블라우스_0052.jpg,체크 플란넬 셔츠 (4컬러),"레드, 네이비, 베이지, 블랙 등 다양한 컬러의 체크 패턴 플란넬 셔츠입니다. 부드러운 소재와 넉넉한 핏이 편안하며, 캐주얼한 데일리룩에 활용하기 좋습니다.",캐주얼 체크,"레드, 네이비, 베이지, 블랙","M, L",78000,"가을, 겨울"
셔츠_블라우스_0053.jpg,스트라이프 울 오버셔츠,"그레이 & 블루 스트라이프 패턴의 울 오버셔츠입니다. 따뜻한 울 혼방 소재와 넉넉한 핏이 편안하며, 후드티 위에 레이어드하여 캐주얼하면서도 스타일리시한 룩을 연출하기 좋습니다.",모던 스트라이프,"그레이, 블루","S, M, L",120000,"가을, 겨울"
셔츠_블라우스_0054.jpg,워싱 웨스턴 셔츠 (카키),"워싱 디테일이 들어간 카키 컬러의 웨스턴 셔츠입니다. 독특한 포켓 디테일과 스냅 버튼이 포인트이며, 빈티지하고 캐주얼한 룩을 연출하기 좋습니다.",빈티지 웨스턴,카키,"M, L",105000,사계절
셔츠_블라우스_0055.jpg,드롭 숄더 오버핏 화이트 셔츠,"드롭 숄더 디자인의 오버핏 화이트 셔츠입니다. 넉넉한 핏과 깔끔한 디자인이 편안하면서도 미니멀한 느낌을 주며, 단독으로 입거나 레이어드하여 활용하기 좋습니다.",미니멀 오버핏,화이트,"M, L",75000,사계절
셔츠_블라우스_0056.jpg,하프넥 셔링 블라우스,"하프넥과 셔링 디테일이 돋보이는 블라우스입니다. 차콜 그레이 컬러와 우아한 디자인이 세련된 오피스룩이나 하객룩에 활용하기 좋으며, 포멀하면서도 여성스러운 느낌을 줍니다.",엘레강스,차콜 그레이,"S, M, L",98000,사계절
셔츠_블라우스_0057.jpg,잔체크 오버핏 셔츠 (네이비),"잔잔한 체크 패턴의 오버핏 셔츠입니다. 네이비 컬러와 넉넉한 핏이 캐주얼하면서도 단정한 느낌을 주며, 다양한 하의와 매치하여 데일리룩을 연출하기 좋습니다.",모던 체크,네이비,"M, L",85000,사계절
셔츠_블라우스_0058.jpg,스트라이프 포켓 셔츠 (4컬러),"화이트, 베이지, 네이비, 블랙 등 다양한 컬러의 스트라이프 패턴 포켓 셔츠입니다. 깔끔한 디자인과 레귤러 핏으로 단정하면서도 캐주얼한 느낌을 주며, 데일리룩에 활용하기 좋습니다.",캐주얼 스트라이프,"화이트, 베이지, 네이비, 블랙","M, L",72000,사계절
셔츠_블라우스_0059.jpg,버튼다운 옥스포드 셔츠 (2컬러),"베이지와 브라운 컬러의 버튼다운 옥스포드 셔츠입니다. 넉넉한 핏과 깔끔한 디자인이 캐주얼하면서도 단정한 느낌을 주며, 데일리룩에 활용하기 좋습니다.",클래식 옥스포드,"베이지, 브라운","M, L",88000,사계절
셔츠_블라우스_0060.jpg,오버핏 코튼 포켓 셔츠 (버건디),"버건디 컬러의 오버핏 코튼 포켓 셔츠입니다. 넉넉한 핏과 깔끔한 디자인이 캐주얼하면서도 멋스러운 느낌을 주며, 단독으로 입거나 아우터처럼 걸쳐 활용하기 좋습니다.",모던 캐주얼,버건디,"M, L",85000,사계절
슈트팬츠_슬랙스_0001.jpg,와이드핏 울 슬랙스 (브라운),"고급스러운 울 소재의 와이드핏 슬랙스입니다. 짙은 브라운 컬러와 넉넉한 핏이 편안하면서도 세련된 느낌을 주며, 포멀하거나 캐주얼한 룩에 다양하게 활용하기 좋습니다.",모던 클래식,브라운,"S, M, L",129000,"가을, 겨울"
슈트팬츠_슬랙스_0002.jpg,레귤러핏 울 블렌드 슬랙스 (차콜),"차콜 컬러의 레귤러핏 울 블렌드 슬랙스입니다. 깔끔한 디자인과 편안한 착용감으로 데일리룩이나 비즈니스 캐주얼에 활용하기 좋으며, 다양한 상의와 매치하기 좋습니다.",에센셜,차콜,"S, M, L",89000,사계절
슈트팬츠_슬랙스_0003.jpg,와이드 카고 팬츠 (다크 카키),"독특한 디자인의 와이드 카고 팬츠입니다. 넉넉한 핏과 포켓 디테일이 개성 있고 스트릿한 느낌을 주며, 캐주얼한 데일리룩에 포인트를 주기 좋습니다.",스트릿 펑크,다크 카키,"S, M, L",110000,사계절
슈트팬츠_슬랙스_0004.jpg,투턱 와이드 슬랙스 (브라운),"투턱 디테일이 돋보이는 와이드 슬랙스입니다. 세련된 브라운 컬러와 넉넉한 핏이 편안하면서도 스타일리시한 느낌을 주며, 포멀하거나 캐주얼한 룩에 다양하게 활용하기 좋습니다.",모던 캐주얼,브라운,"M, L",98000,사계절
슈트팬츠_슬랙스_0005.jpg,베이직 와이드핏 슬랙스 (블랙),"깔끔한 디자인의 베이직 와이드핏 슬랙스입니다. 블랙 컬러와 넉넉한 핏이 편안하면서도 세련된 느낌을 주며, 다양한 상의와 매치하여 활용하기 좋습니다.",모던 베이직,블랙,"S, M, L",79000,사계절
슈트팬츠_슬랙스_0006.jpg,핀턱 와이드 카고 슬랙스 (블랙),"핀턱 디테일과 와이드한 실루엣이 돋보이는 카고 슬랙스입니다. 블랙 컬러와 유니크한 디자인이 스트릿하면서도 시크한 느낌을 주며, 캐주얼한 데일리룩에 포인트를 주기 좋습니다.",스트릿 모던,블랙,"M, L",105000,사계절
슈트팬츠_슬랙스_0007.jpg,와이드핏 핀턱 슬랙스 (그레이),"핀턱 디테일이 돋보이는 와이드핏 슬랙스입니다. 차분한 그레이 컬러와 넉넉한 핏이 편안하면서도 세련된 느낌을 주며, 오피스룩이나 데일리룩에 다양하게 활용하기 좋습니다.",모던 클래식,그레이,"S, M, L",95000,사계절
슈트팬츠_슬랙스_0008.jpg,슬림핏 포멀 슈트 팬츠 (블랙),"슬림핏의 포멀한 슈트 팬츠입니다. 깔끔한 블랙 컬러와 단정한 디자인이 비즈니스룩이나 정장 스타일에 활용하기 좋으며, 재킷과 세트로 매치하여 활용할 수 있습니다.",포멀 슈트,블랙,"S, M, L",89000,사계절
슈트팬츠_슬랙스_0009.jpg,핀턱 와이드 슬랙스 (블랙),"핀턱 디테일이 돋보이는 와이드 슬랙스입니다. 블랙 컬러와 넉넉한 핏이 편안하면서도 스타일리시한 느낌을 주며, 캐주얼하거나 모던한 룩에 다양하게 활용하기 좋습니다.",모던 캐주얼,블랙,"S, M, L",92000,사계절
슈트팬츠_슬랙스_0010.jpg,와이드핏 울 슬랙스 (다크 그레이),"고급스러운 울 소재의 와이드핏 슬랙스입니다. 짙은 다크 그레이 컬러와 넉넉한 핏이 편안하면서도 세련된 느낌을 주며, 포멀하거나 캐주얼한 룩에 다양하게 활용하기 좋습니다.",모던 클래식,다크 그레이,"M, L",129000,"가을, 겨울"
슈트팬츠_슬랙스_0011.jpg,와이드핏 핀턱 슬랙스 (블랙),"핀턱 디테일이 돋보이는 와이드 슬랙스입니다. 블랙 컬러와 넉넉한 핏이 편안하면서도 스타일리시한 느낌을 주며, 캐주얼하거나 모던한 룩에 다양하게 활용하기 좋습니다.",모던 캐주얼,블랙,"S, M, L",92000,사계절
슈트팬츠_슬랙스_0012.jpg,체크 패턴 와이드 슬랙스 (브라운),"잔잔한 체크 패턴의 와이드 슬랙스입니다. 브라운 톤의 컬러와 넉넉한 핏이 빈티지하면서도 세련된 느낌을 주며, 블라우스나 니트와 매치하여 활용하기 좋습니다.",레트로 체크,브라운,"S, M, L",98000,"가을, 겨울"
슈트팬츠_슬랙스_0013.jpg,슬림핏 크롭 슬랙스 (블랙),"슬림핏의 크롭 기장 슬랙스입니다. 깔끔한 블랙 컬러와 단정한 디자인이 비즈니스 캐주얼이나 데일리룩에 활용하기 좋으며, 다양한 상의와 매치하기 좋습니다.",모던 베이직,블랙,"S, M, L",79000,사계절
슈트팬츠_슬랙스_0014.jpg,와이드핏 울 슬랙스 (라이트 그레이),"고급스러운 울 소재의 와이드핏 슬랙스입니다. 밝은 라이트 그레이 컬러와 넉넉한 핏이 편안하면서도 세련된 느낌을 주며, 포멀하거나 캐주얼한 룩에 다양하게 활용하기 좋습니다.",모던 클래식,라이트 그레이,"M, L",129000,"가을, 겨울"
슈트팬츠_슬랙스_0015.jpg,헤링본 와이드 슬랙스 (다크 그레이),"헤링본 패턴이 돋보이는 와이드 슬랙스입니다. 짙은 다크 그레이 컬러와 넉넉한 핏이 클래식하면서도 세련된 느낌을 주며, 포멀하거나 캐주얼한 룩에 다양하게 활용하기 좋습니다.",클래식 헤링본,다크 그레이,"M, L",115000,"가을, 겨울"
슈트팬츠_슬랙스_0016.jpg,와이드핏 울 블렌드 슬랙스 (블랙),"블랙 컬러의 와이드핏 울 블렌드 슬랙스입니다. 넉넉한 핏과 따뜻한 소재가 편안하면서도 세련된 느낌을 주며, 니트나 스웨터와 매치하여 가을/겨울 데일리룩을 연출하기 좋습니다.",모던 클래식,블랙,"S, M, L",105000,"가을, 겨울"
슈트팬츠_슬랙스_0017.jpg,레귤러핏 스트레이트 슬랙스 (블랙),"깔끔한 디자인의 레귤러핏 스트레이트 슬랙스입니다. 블랙 컬러와 단정한 실루엣이 비즈니스 캐주얼이나 데일리룩에 활용하기 좋으며, 다양한 상의와 매치하기 좋습니다.",에센셜,블랙,"S, M, L",85000,사계절
슈트팬츠_슬랙스_0018.jpg,투턱 와이드 슬랙스 (베이지),"투턱 디테일이 돋보이는 와이드 슬랙스입니다. 세련된 베이지 컬러와 넉넉한 핏이 편안하면서도 스타일리시한 느낌을 주며, 포멀하거나 캐주얼한 룩에 다양하게 활용하기 좋습니다.",모던 캐주얼,베이지,"M, L",98000,사계절
슈트팬츠_슬랙스_0019.jpg,스트라이프 와이드 슬랙스 (다크 그레이),"잔잔한 스트라이프 패턴의 와이드 슬랙스입니다. 짙은 다크 그레이 컬러와 넉넉한 핏이 클래식하면서도 세련된 느낌을 주며, 포멀하거나 캐주얼한 룩에 다양하게 활용하기 좋습니다.",클래식 스트라이프,다크 그레이,"M, L",110000,사계절
슈트팬츠_슬랙스_0020.jpg,베이직 와이드핏 슬랙스 (블랙),"깔끔한 디자인의 베이직 와이드핏 슬랙스입니다. 블랙 컬러와 넉넉한 핏이 편안하면서도 세련된 느낌을 주며, 다양한 상의와 매치하여 활용하기 좋습니다.",모던 베이직,블랙,"S, M, L",79000,사계절
슈트팬츠_슬랙스_0021.jpg,와이드핏 플레어 슬랙스 (블랙),"블랙 컬러의 와이드핏 플레어 슬랙스입니다. 넉넉한 핏과 밑단 플레어 디테일이 세련되고 유니크한 느낌을 주며, 블라우스나 니트와 매치하여 스타일리시한 룩을 연출하기 좋습니다.",모던 시크,블랙,"S, M, L",98000,사계절
슈트팬츠_슬랙스_0022.jpg,체크 패턴 와이드 핀턱 슬랙스 (브라운),"잔잔한 체크 패턴의 와이드 핀턱 슬랙스입니다. 브라운 톤의 컬러와 넉넉한 핏이 클래식하면서도 세련된 느낌을 주며, 블라우스나 니트와 매치하여 활용하기 좋습니다.",클래식 체크,브라운,"S, M, L",110000,"가을, 겨울"
슈트팬츠_슬랙스_0023.jpg,스트라이프 와이드 핀턱 팬츠 (블랙),"핀스트라이프 패턴의 와이드 핀턱 팬츠입니다. 블랙 컬러와 넉넉한 핏이 포멀하면서도 트렌디한 느낌을 주며, 셔츠나 블레이저와 매치하여 세련된 룩을 연출하기 좋습니다.",모던 클래식,블랙,"M, L",105000,사계절
슈트팬츠_슬랙스_0024.jpg,베이직 와이드 핀턱 슬랙스 (네이비),"깔끔한 디자인의 베이직 와이드 핀턱 슬랙스입니다. 네이비 컬러와 넉넉한 핏이 편안하면서도 세련된 느낌을 주며, 오피스룩이나 데일리룩에 다양하게 활용하기 좋습니다.",모던 베이직,네이비,"S, M, L",89000,사계절
슈트팬츠_슬랙스_0025.jpg,와이드핏 울 블렌드 슬랙스 (브라운),"브라운 컬러의 와이드핏 울 블렌드 슬랙스입니다. 넉넉한 핏과 따뜻한 소재가 편안하면서도 세련된 느낌을 주며, 니트나 스웨터와 매치하여 가을/겨울 데일리룩을 연출하기 좋습니다.",모던 클래식,브라운,"M, L",115000,"가을, 겨울"
슈트팬츠_슬랙스_0026.jpg,이지케어 와이드핏 슬랙스 (차콜),"차콜 컬러의 이지케어 와이드핏 슬랙스입니다. 편안한 허리 밴딩과 넉넉한 핏이 활동성을 높여주며, 캐주얼하면서도 깔끔한 데일리룩에 활용하기 좋습니다.",컴포트 웨어,차콜,"S, M, L",75000,사계절
슈트팬츠_슬랙스_0027.jpg,헤링본 크롭 슬랙스 (그레이),"헤링본 패턴의 크롭 기장 슬랙스입니다. 그레이 컬러와 깔끔한 디자인이 클래식하면서도 세련된 느낌을 주며, 비즈니스 캐주얼이나 데일리룩에 활용하기 좋습니다.",클래식 헤링본,그레이,"S, M, L",95000,"가을, 겨울"
슈트팬츠_슬랙스_0028.jpg,와이드핏 울 블렌드 핀턱 슬랙스 (다크 그레이),"핀턱 디테일이 돋보이는 와이드핏 울 블렌드 슬랙스입니다. 짙은 다크 그레이 컬러와 넉넉한 핏이 포멀하면서도 세련된 느낌을 주며, 오피스룩이나 하객룩에 활용하기 좋습니다.",모던 클래식,다크 그레이,"S, M, L",120000,"가을, 겨울"
슈트팬츠_슬랙스_0029.jpg,와이드핏 저지 슬랙스 (그레이),"편안한 저지 소재의 와이드핏 슬랙스입니다. 그레이 컬러와 넉넉한 핏이 활동성을 높여주며, 캐주얼하면서도 트렌디한 데일리룩에 활용하기 좋습니다.",컴포트 웨어,그레이,"S, M, L",85000,사계절
슈트팬츠_슬랙스_0030.jpg,테이퍼드핏 베이직 슬랙스 (블랙),"깔끔한 디자인의 테이퍼드핏 베이직 슬랙스입니다. 블랙 컬러와 단정한 실루엣이 비즈니스 캐주얼이나 데일리룩에 활용하기 좋으며, 다양한 상의와 매치하기 좋습니다.",에센셜,블랙,"S, M, L",82000,사계절
슈트팬츠_슬랙스_0031.jpg,와이드핏 핀턱 슬랙스 (블랙),"핀턱 디테일이 돋보이는 와이드 슬랙스입니다. 블랙 컬러와 넉넉한 핏이 편안하면서도 스타일리시한 느낌을 주며, 캐주얼하거나 모던한 룩에 다양하게 활용하기 좋습니다.",모던 캐주얼,블랙,"S, M, L",92000,사계절
슈트팬츠_슬랙스_0032.jpg,투턱 와이드 슬랙스 (블랙),"투턱 디테일이 돋보이는 와이드 슬랙스입니다. 블랙 컬러와 넉넉한 핏이 포멀하면서도 트렌디한 느낌을 주며, 셔츠나 블레이저와 매치하여 세련된 룩을 연출하기 좋습니다.",모던 시크,블랙,"M, L",110000,사계절
슈트팬츠_슬랙스_0033.jpg,울 블렌드 와이드 핀턱 슬랙스 (다크 그레이),"고급스러운 울 블렌드 소재의 와이드 핀턱 슬랙스입니다. 짙은 다크 그레이 컬러와 넉넉한 핏이 포멀하면서도 세련된 느낌을 주며, 오피스룩이나 하객룩에 활용하기 좋습니다.",모던 클래식,다크 그레이,"S, M, L",125000,"가을, 겨울"
슈트팬츠_슬랙스_0034.jpg,와이드핏 울 블렌드 슬랙스 (차콜),"차콜 컬러의 와이드핏 울 블렌드 슬랙스입니다. 넉넉한 핏과 따뜻한 소재가 편안하면서도 세련된 느낌을 주며, 니트나 스웨터와 매치하여 가을/겨울 데일리룩을 연출하기 좋습니다.",모던 클래식,차콜,"M, L",118000,"가을, 겨울"
슈트팬츠_슬랙스_0035.jpg,패턴 믹스 와이드 슬랙스 (네이비),"독특한 패턴 믹스 디자인의 와이드 슬랙스입니다. 네이비 컬러와 유니크한 디테일이 개성 있고 스타일리시한 느낌을 주며, 캐주얼한 데일리룩에 포인트를 주기 좋습니다.",아방가르드,네이비,"S, M, L",130000,사계절
슈트팬츠_슬랙스_0036.jpg,레귤러핏 크롭 슬랙스 (다크 그레이),"깔끔한 디자인의 레귤러핏 크롭 슬랙스입니다. 짙은 다크 그레이 컬러와 단정한 실루엣이 비즈니스 캐주얼이나 데일리룩에 활용하기 좋으며, 다양한 상의와 매치하기 좋습니다.",에센셜,다크 그레이,"S, M, L",82000,사계절
슈트팬츠_슬랙스_0037.jpg,와이드핏 코튼 핀턱 슬랙스 (블랙),"블랙 컬러의 와이드핏 코튼 핀턱 슬랙스입니다. 넉넉한 핏과 깔끔한 디자인이 편안하면서도 세련된 느낌을 주며, 캐주얼하거나 모던한 룩에 다양하게 활용하기 좋습니다.",모던 캐주얼,블랙,"M, L",88000,사계절
슈트팬츠_슬랙스_0038.jpg,베이직 와이드핏 슬랙스 (블랙),"깔끔한 디자인의 베이직 와이드핏 슬랙스입니다. 블랙 컬러와 넉넉한 핏이 편안하면서도 세련된 느낌을 주며, 다양한 상의와 매치하여 활용하기 좋습니다.",모던 베이직,블랙,"S, M, L",79000,사계절
슈트팬츠_슬랙스_0039.jpg,루즈핏 저지 와이드 팬츠 (라이트 그레이),"편안한 저지 소재의 루즈핏 와이드 팬츠입니다. 밝은 라이트 그레이 컬러와 넉넉한 핏이 활동성을 높여주며, 캐주얼하면서도 트렌디한 데일리룩에 활용하기 좋습니다.",컴포트 웨어,라이트 그레이,"S, M, L",85000,사계절
슈트팬츠_슬랙스_0040.jpg,슬림핏 크롭 슈트 팬츠 (블랙),"슬림핏의 크롭 기장 슈트 팬츠입니다. 깔끔한 블랙 컬러와 단정한 디자인이 비즈니스룩이나 포멀룩에 활용하기 좋으며, 재킷과 세트로 매치하여 활용할 수 있습니다.",포멀 슈트,블랙,"S, M, L",92000,사계절
슈트팬츠_슬랙스_0041.jpg,투턱 와이드 슬랙스 (올리브 브라운),"투턱 디테일이 돋보이는 와이드 슬랙스입니다. 고급스러운 올리브 브라운 컬러와 넉넉한 핏이 편안하면서도 스타일리시한 느낌을 주며, 포멀하거나 캐주얼한 룩에 다양하게 활용하기 좋습니다.",모던 캐주얼,올리브 브라운,"M, L",98000,사계절
슈트팬츠_슬랙스_0042.jpg,벌룬핏 핀턱 슬랙스 (블랙),"넉넉한 벌룬핏의 핀턱 슬랙스입니다. 블랙 컬러와 유니크한 실루엣이 트렌디하면서도 편안한 느낌을 주며, 캐주얼한 데일리룩에 포인트를 주기 좋습니다.",어반 벌룬,블랙,"S, M, L",95000,사계절
슈트팬츠_슬랙스_0043.jpg,스트레이트핏 롱 슬랙스 (브라운),"깔끔하게 떨어지는 스트레이트핏의 롱 슬랙스입니다. 브라운 컬러와 미니멀한 디자인이 세련된 느낌을 주며, 오피스룩이나 데일리룩에 다양하게 활용하기 좋습니다.",모던 클래식,브라운,"S, M, L",89000,사계절
슈트팬츠_슬랙스_0044.jpg,스트라이프 와이드 슬랙스 (차콜),"잔잔한 스트라이프 패턴의 와이드 슬랙스입니다. 짙은 차콜 컬러와 넉넉한 핏, 허리 스트랩 디테일이 세련되면서도 시크한 느낌을 주며, 포멀룩에 활용하기 좋습니다.",시크 스트라이프,차콜,"S, M",115000,사계절
슈트팬츠_슬랙스_0045.jpg,부츠컷 롱 슬랙스 (블랙),"다리가 길어 보이는 부츠컷 롱 슬랙스입니다. 깔끔한 블랙 컬러와 세련된 라인이 여성스러운 실루엣을 연출하며, 오피스룩이나 포멀룩에 활용하기 좋습니다.",모던 시크,블랙,"S, M, L",92000,사계절
슈트팬츠_슬랙스_0046.jpg,핀스트라이프 와이드 슬랙스 (블랙),"핀스트라이프 패턴이 돋보이는 와이드 슬랙스입니다. 블랙 컬러와 넉넉한 핏이 포멀하면서도 트렌디한 느낌을 주며, 블레이저와 매치하여 세련된 셋업 룩을 연출하기 좋습니다.",모던 클래식,블랙,"S, M, L",110000,사계절
슈트팬츠_슬랙스_0047.jpg,레오파드 패턴 와이드 팬츠,"레오파드 패턴이 돋보이는 와이드 팬츠입니다. 유니크한 디자인과 넉넉한 핏이 개성 있고 트렌디한 느낌을 주며, 데일리룩에 포인트를 주기 좋습니다.",유니크 패턴,차콜 레오파드,"S, M, L",98000,사계절
슈트팬츠_슬랙스_0048.jpg,핀스트라이프 벌룬 팬츠 (차콜),"핀스트라이프 패턴의 벌룬 팬츠입니다. 넉넉한 핏과 유니크한 실루엣이 스트릿하면서도 개성 있는 느낌을 주며, 캐주얼한 데일리룩에 포인트를 주기 좋습니다.",스트릿 벌룬,차콜,"S, M, L",105000,사계절
슈트팬츠_슬랙스_0049.jpg,핀스트라이프 와이드 핀턱 슬랙스 (블랙),"핀스트라이프 패턴의 와이드 핀턱 슬랙스입니다. 블랙 컬러와 넉넉한 핏이 포멀하면서도 세련된 느낌을 주며, 오피스룩이나 데일리룩에 다양하게 활용하기 좋습니다.",클래식 스트라이프,블랙,"S, M, L",95000,사계절
슈트팬츠_슬랙스_0050.jpg,부츠컷 저지 팬츠 (블랙),"편안한 저지 소재의 부츠컷 팬츠입니다. 블랙 컬러와 슬림한 핏이 다리를 길어 보이게 하며, 캐주얼하면서도 편안한 데일리룩에 활용하기 좋습니다.",컴포트 웨어,블랙,"S, M, L",72000,사계절
슈트팬츠_슬랙스_0051.jpg,와이드핏 핀턱 크롭 슬랙스 (블랙),"블랙 컬러의 와이드핏 핀턱 크롭 슬랙스입니다. 넉넉한 핏과 크롭 기장이 트렌디한 느낌을 주며, 캐주얼하거나 모던한 룩에 다양하게 활용하기 좋습니다.",모던 캐주얼,블랙,"S, M, L",88000,사계절
슈트팬츠_슬랙스_0052.jpg,스트라이프 와이드 슬랙스 (네이비),"핀스트라이프 패턴의 와이드 슬랙스입니다. 짙은 네이비 컬러와 넉넉한 핏이 포멀하면서도 세련된 느낌을 주며, 오피스룩이나 데일리룩에 활용하기 좋습니다.",클래식 스트라이프,네이비,"S, M, L",98000,사계절
슈트팬츠_슬랙스_0053.jpg,와이드핏 코튼 팬츠 (베이지),"베이직한 디자인의 와이드핏 코튼 팬츠입니다. 베이지 컬러와 넉넉한 핏이 편안하면서도 캐주얼한 느낌을 주며, 데일리룩에 활용하기 좋습니다.",모던 캐주얼,베이지,"M, L",79000,사계절
슈트팬츠_슬랙스_0054.jpg,투턱 와이드 슬랙스 (블랙),"투턱 디테일이 돋보이는 와이드 슬랙스입니다. 블랙 컬러와 넉넉한 핏이 포멀하면서도 트렌디한 느낌을 주며, 셔츠나 블레이저와 매치하여 세련된 룩을 연출하기 좋습니다.",모던 시크,블랙,"M, L",110000,사계절
슈트팬츠_슬랙스_0055.jpg,레귤러핏 슬랙스 (블랙),"깔끔한 디자인의 레귤러핏 슬랙스입니다. 블랙 컬러와 단정한 실루엣이 비즈니스 캐주얼이나 데일리룩에 활용하기 좋으며, 다양한 상의와 매치하기 좋습니다.",에센셜,블랙,"S, M, L",75000,사계절
슈트팬츠_슬랙스_0056.jpg,와이드핏 울 블렌드 슬랙스 (브라운),"브라운 컬러의 와이드핏 울 블렌드 슬랙스입니다. 넉넉한 핏과 따뜻한 소재가 편안하면서도 세련된 느낌을 주며, 니트나 스웨터와 매치하여 가을/겨울 데일리룩을 연출하기 좋습니다.",모던 클래식,브라운,"M, L",118000,"가을, 겨울"
슈트팬츠_슬랙스_0057.jpg,와이드핏 핀턱 슬랙스 (라이트 베이지),"핀턱 디테일이 돋보이는 와이드 슬랙스입니다. 밝은 라이트 베이지 컬러와 넉넉한 핏이 편안하면서도 세련된 느낌을 주며, 오피스룩이나 데일리룩에 다양하게 활용하기 좋습니다.",모던 베이직,라이트 베이지,"S, M, L",92000,사계절
슈트팬츠_슬랙스_0058.jpg,와이드핏 벨티드 슬랙스 (다크 그레이),"와이드핏에 벨트 디테일이 돋보이는 슬랙스입니다. 짙은 다크 그레이 컬러와 넉넉한 핏이 편안하면서도 세련된 느낌을 주며, 오피스룩이나 캐주얼룩에 활용하기 좋습니다.",모던 시크,다크 그레이,"S, M, L",105000,사계절
슈트팬츠_슬랙스_0059.jpg,핀스트라이프 와이드 슬랙스 (블랙),"핀스트라이프 패턴의 와이드 슬랙스입니다. 블랙 컬러와 넉넉한 핏이 포멀하면서도 세련된 느낌을 주며, 오피스룩이나 데일리룩에 활용하기 좋습니다.",클래식 스트라이프,블랙,"S, M, L",98000,사계절
슈트팬츠_슬랙스_0060.jpg,투턱 와이드 슬랙스 (블랙),"투턱 디테일과 사이드 버클이 돋보이는 와이드 슬랙스입니다. 블랙 컬러와 넉넉한 핏이 포멀하면서도 트렌디한 느낌을 주며, 셔츠나 블레이저와 매치하여 세련된 룩을 연출하기 좋습니다.",모던 시크,블랙,"M, L",115000,사계절
피케_카라티셔츠_0001.jpg,럭비 카라 스웨트셔츠 (블랙),"두꺼운 면 소재의 럭비 카라 스웨트셔츠입니다. 블랙 컬러에 화이트 카라와 ""COLUMBIA 1754 New York"" 레터링 자수가 포인트로, 캐주얼하고 스포티한 느낌을 줍니다.",컬럼비아,블랙,"M, L",89000,"봄, 가을, 겨울"
피케_카라티셔츠_0002.jpg,골든 베어 긴팔 카라티 (블랙),"블랙 컬러의 긴팔 카라티셔츠입니다. 카라와 소매 부분에 화이트 라인 디테일과 ""GOLDEN BEAR"" 레터링 및 곰 캐릭터 자수가 포인트로, 캐주얼하면서도 단정한 느낌을 줍니다.",골든 베어,블랙,"S, M, L",78000,사계절
피케_카라티셔츠_0003.jpg,크롭핏 스포츠 카라티 (그레이),"그레이 컬러의 크롭 기장 스포츠 카라티셔츠입니다. 네이비 배색 카라와 소매, 그리고 허리 라인이 강조된 디자인이 활동적이면서도 스타일리시한 느낌을 주며, 운동복이나 캐주얼룩에 활용하기 좋습니다.",CRVR SPORTS,"그레이, 네이비","S, M",65000,"봄, 여름"
피케_카라티셔츠_0004.jpg,앙고라 혼방 폴로 니트 (차콜),"부드러운 앙고라 혼방 소재의 폴로 니트입니다. 차콜 그레이 컬러에 포근한 질감이 돋보이며, 단추 디테일과 ""Romantic"" 자수가 포인트로, 세련되면서도 따뜻한 느낌을 줍니다.",로맨틱,차콜 그레이,"S, M, L",110000,"가을, 겨울"
피케_카라티셔츠_0005.jpg,스트라이프 긴팔 카라티 (네이비),"네이비와 아이보리 스트라이프 패턴의 긴팔 카라티셔츠입니다. 네이비 카라와 미니멀한 로고 자수가 포인트로, 캐주얼하면서도 단정한 느낌을 주어 데일리룩에 활용하기 좋습니다.",빈티지 스트라이프,"네이비, 아이보리","S, M, L",72000,사계절
피케_카라티셔츠_0006.jpg,케이블 니트 카라티 (브라운),"브라운 컬러의 케이블 짜임 니트 카라티셔츠입니다. 퍼프 소매와 단추 디테일, 그리고 은은한 광택의 로고 장식이 여성스럽고 귀여운 느낌을 주어 데이트룩이나 캐주얼룩에 활용하기 좋습니다.",러블리 니트,브라운,"S, M, L",85000,"봄, 가을"
피케_카라티셔츠_0007.jpg,배색 스트라이프 럭비 카라티,"카키, 스카이블루, 아이보리 스트라이프 패턴의 럭비 카라티셔츠입니다. 화이트 카라와 ""Apparel Archive"" 레터링 자수가 포인트로, 빈티지하면서도 캐주얼한 느낌을 줍니다.",어패럴 아카이브,"카키, 스카이블루, 아이보리","M, L",89000,"봄, 가을"
피케_카라티셔츠_0008.jpg,DKNY 골프 긴팔 카라티 3종,"블랙, 네이비, 아이보리 3가지 컬러로 구성된 DKNY 골프 긴팔 카라티셔츠 세트입니다. 깔끔한 디자인과 로고 자수가 스포티하면서도 단정한 느낌을 주며, 골프웨어로 활용하기 좋습니다.",DKNY GOLF,"블랙, 네이비, 아이보리","S, M, L",120000,사계절
피케_카라티셔츠_0009.jpg,크롭핏 펀칭 카라티 (블랙),"블랙 컬러의 크롭 기장 카라티셔츠입니다. 독특한 펀칭 디테일과 버튼다운 디자인이 힙하면서도 유니크한 느낌을 주며, 스트릿 캐주얼룩에 포인트를 주기 좋습니다.",스트릿 펀칭,블랙,"S, M",68000,"봄, 여름"
피케_카라티셔츠_0010.jpg,골지 긴팔 폴로 니트 (베이지),"베이지 컬러의 골지 짜임 긴팔 폴로 니트입니다. 넉넉한 핏과 포근한 소재가 편안하면서도 세련된 느낌을 주며, 다양한 하의와 매치하여 데일리룩을 연출하기 좋습니다.",모던 골지,베이지,"S, M, L",95000,"가을, 겨울"
피케_카라티셔츠_0011.jpg,오버핏 스트라이프 럭비티 (스카이블루),"스카이블루와 블랙 스트라이프 패턴의 오버핏 럭비티입니다. 화이트 카라와 넉넉한 핏이 빈티지하면서도 편안한 느낌을 주며, 캐주얼한 데일리룩에 활용하기 좋습니다.",빈티지 스트라이프,"스카이블루, 블랙, 화이트","S, M, L",75000,"봄, 여름"
피케_카라티셔츠_0012.jpg,하프 집업 럭비 스웨트셔츠 (네이비),"네이비 컬러의 하프 집업 럭비 스웨트셔츠입니다. 화이트 카라와 ""FLM SPORTS CLUB"" 레터링 자수가 스포티하면서도 깔끔한 느낌을 주며, 캐주얼한 데일리룩에 활용하기 좋습니다.",필루미네이트,네이비,"M, L",95000,"봄, 가을, 겨울"
피케_카라티셔츠_0013.jpg,기능성 긴팔 카라티 (화이트),"화이트 컬러의 기능성 긴팔 카라티셔츠입니다. 깔끔한 디자인과 흡습속건 기능성 소재가 쾌적하고 활동적인 느낌을 주며, 골프웨어로 활용하기 좋습니다.",스포츠웨어,화이트,"S, M, L",89000,사계절
피케_카라티셔츠_0014.jpg,배색 스트라이프 카라티 (브라운),"브라운과 베이지 스트라이프 패턴의 긴팔 카라티셔츠입니다. 네이비 배색 카라와 유니크한 넥라인이 빈티지하면서도 세련된 느낌을 주며, 캐주얼룩에 활용하기 좋습니다.",빈티지 스트라이프,"브라운, 베이지, 네이비","S, M",79000,"가을, 겨울"
피케_카라티셔츠_0015.jpg,남성 골프 반팔 카라티 (블랙),"블랙 컬러의 남성 골프 반팔 카라티셔츠입니다. 깔끔한 디자인과 기능성 소재가 스포티하고 편안한 느낌을 주며, 골프웨어로 활용하기 좋습니다.",모던 골프,"블랙, 그린, 베이지","M, L",69000,"봄, 여름"
피케_카라티셔츠_0016.jpg,남성 골지 헨리넥 긴팔티 (블랙),"블랙 컬러의 골지 헨리넥 긴팔티셔츠입니다. 웨이브 디테일의 넥라인과 버튼다운 디자인이 캐주얼하면서도 유니크한 느낌을 주며, 데일리룩에 활용하기 좋습니다.",모던 캐주얼,블랙,"M, L",55000,사계절
피케_카라티셔츠_0017.jpg,골지 크롭 헨리넥 티셔츠 (네이비),"네이비 컬러의 골지 크롭 헨리넥 티셔츠입니다. 슬림한 핏과 크롭 기장, ""ason"" 레터링 자수가 힙하면서도 여성스러운 느낌을 주며, 데일리룩에 활용하기 좋습니다.",스트릿 크롭,네이비,"S, M, L",49000,"봄, 여름"
피케_카라티셔츠_0018.jpg,유에스 폴로 긴팔 카라티 (그레이),"그레이 컬러의 유에스 폴로 긴팔 카라티셔츠입니다. 네이비 배색 카라와 포니 로고 자수가 포인트로, 클래식하면서도 단정한 느낌을 주어 데일리룩에 활용하기 좋습니다.",유에스 폴로,"그레이, 네이비","M, L",79000,사계절
피케_카라티셔츠_0019.jpg,아워레가시 레이스 니트 폴로 (아이보리),"아이보리 컬러의 레이스 짜임 니트 폴로셔츠입니다. 독특한 패턴과 버튼다운 디자인이 빈티지하면서도 고급스러운 느낌을 주며, 유니크한 데일리룩에 활용하기 좋습니다.",아워레가시,아이보리,"S, M, L",180000,"봄, 가을"
피케_카라티셔츠_0020.jpg,배색 스트라이프 럭비티 (버건디),"버건디, 브라운, 스카이블루 스트라이프 패턴의 럭비티입니다. 화이트 카라와 독특한 컬러 배색, 패치 디테일이 빈티지하면서도 개성 있는 느낌을 줍니다.",세컨드 노이즈,"버건디, 브라운, 스카이블루","S, M, L",85000,"봄, 가을"
피케_카라티셔츠_0021.jpg,오버핏 스트라이프 럭비티 (그레이),"그레이와 네이비 스트라이프 패턴의 오버핏 럭비티입니다. 화이트 카라와 ""AVANDRESS"" 레터링 자수가 캐주얼하고 트렌디한 느낌을 주며, 데일리룩에 활용하기 좋습니다.",아반드레스,"그레이, 네이비, 화이트","S, M, L",78000,"봄, 가을"
피케_카라티셔츠_0022.jpg,크롭 니트 카라티 (화이트),"화이트 컬러의 크롭 기장 니트 카라티셔츠입니다. 브이넥 카라와 입체적인 로고 자수가 여성스럽고 세련된 느낌을 주며, 스커트와 매치하여 페미닌한 룩을 연출하기 좋습니다.",모던 니트,화이트,"S, M",85000,"봄, 여름"
피케_카라티셔츠_0023.jpg,남성 골프 반팔 카라티 (화이트),"화이트 컬러의 남성 골프 반팔 카라티셔츠입니다. 깔끔한 디자인과 기능성 소재가 스포티하고 편안한 느낌을 주며, 골프웨어로 활용하기 좋습니다.",모던 골프,"화이트, 네이비, 블랙","M, L",69000,"봄, 여름"
피케_카라티셔츠_0024.jpg,아디다스 럭비 스웨트셔츠 (그린),"그린 컬러의 아디다스 럭비 스웨트셔츠입니다. 아이보리 카라와 벨벳 소재의 ""A"" 패치 디테일이 빈티지하면서도 유니크한 느낌을 주며, 캐주얼룩에 포인트를 주기 좋습니다.",아디다스,"그린, 아이보리, 블랙","M, L",129000,"가을, 겨울"
피케_카라티셔츠_0025.jpg,골지 크롭 카라 가디건 (아이보리),"아이보리 컬러의 골지 크롭 카라 가디건입니다. 슬림한 핏과 버튼다운 디자인이 여성스러우면서도 트렌디한 느낌을 주며, 다양한 하의와 매치하여 활용하기 좋습니다.",페미닌 캐주얼,아이보리,"S, M, L",65000,"봄, 가을"
피케_카라티셔츠_0026.jpg,오버핏 스트라이프 럭비티 (네이비),"네이비, 레드, 화이트 스트라이프 패턴의 오버핏 럭비티입니다. 넉넉한 핏이 빈티지하면서도 캐주얼한 느낌을 주며, 데일리룩에 활용하기 좋습니다.",빈티지 스트라이프,"네이비, 레드, 화이트","S, M, L",78000,"봄, 가을"
피케_카라티셔츠_0027.jpg,남성 택티컬 긴팔 폴로셔츠 (블랙),"블랙 컬러의 남성 택티컬 긴팔 폴로셔츠입니다. 기능성 소재와 팔 부분의 포켓 디테일이 밀리터리하면서도 스포티한 느낌을 주며, 아웃도어 활동이나 캐주얼룩에 활용하기 좋습니다.",택티컬 기어,"블랙, 네이비, 카키, 베이지","M, L",85000,사계절
피케_카라티셔츠_0028.jpg,스트라이프 긴팔 폴로 니트 (그레이),"그레이와 블랙 스트라이프 패턴의 긴팔 폴로 니트입니다. 블랙 카라와 넉넉한 핏이 빈티지하면서도 캐주얼한 느낌을 주며, 데일리룩에 활용하기 좋습니다.",레트로 스트라이프,"그레이, 블랙","S, M, L",89000,"가을, 겨울"
피케_카라티셔츠_0029.jpg,오버핏 메쉬 반팔 폴로 (블랙),"블랙 컬러의 오버핏 메쉬 반팔 폴로셔츠입니다. 통기성 좋은 메쉬 소재와 넉넉한 핏이 시원하면서도 트렌디한 느낌을 주며, 여름 데일리룩에 활용하기 좋습니다.",시원한 메쉬,블랙,"M, L",75000,여름
피케_카라티셔츠_0030.jpg,빈티지 워싱 포켓 카라티 (버건디),"버건디 컬러의 빈티지 워싱 포켓 카라티셔츠입니다. 가슴 부분의 포켓과 ""ALTOGETHER DEVIATE"" 레터링 자수가 캐주얼하면서도 유니크한 느낌을 주며, 데일리룩에 활용하기 좋습니다.",빈티지 캐주얼,버건디,"M, L",68000,"봄, 여름"
피케_카라티셔츠_0031.jpg,빈티지 스트라이프 럭비티 (버건디),"버건디와 차콜 스트라이프 패턴의 럭비티입니다. 베이지 카라와 넉넉한 핏이 빈티지하면서도 캐주얼한 느낌을 주며, 데일리룩에 활용하기 좋습니다.",빈티지 스트라이프,"버건디, 차콜, 베이지","S, M, L",78000,"가을, 겨울"
피케_카라티셔츠_0032.jpg,로고 자수 럭비 스웨트셔츠 (그레이),"그레이 컬러의 럭비 카라 스웨트셔츠입니다. 화이트 카라와 미니멀한 로고 자수가 깔끔하면서도 스포티한 느낌을 주며, 캐주얼한 데일리룩에 활용하기 좋습니다.",모던 스포티,"그레이, 화이트","M, L",89000,"봄, 가을"
피케_카라티셔츠_0033.jpg,오버핏 코튼 피케 티셔츠 (네이비),"네이비 컬러의 오버핏 코튼 피케 티셔츠입니다. 깔끔한 디자인과 톤온톤 로고 자수가 모던하면서도 캐주얼한 느낌을 주며, 여름 데일리룩에 활용하기 좋습니다.",모던 캐주얼,네이비,"M, L",65000,여름
피케_카라티셔츠_0034.jpg,하프 집업 스트라이프 니트 폴로 (아이보리),"아이보리와 블랙 스트라이프 패턴의 하프 집업 니트 폴로입니다. 넉넉한 핏과 니트 소재가 편안하면서도 세련된 느낌을 주며, 데일리룩에 활용하기 좋습니다.",모던 니트,"아이보리, 블랙","S, M, L",92000,"가을, 겨울"
피케_카라티셔츠_0035.jpg,브이넥 카라 반팔티 (화이트),"화이트 컬러의 브이넥 카라 반팔티입니다. 깔끔한 디자인과 넉넉한 핏이 시원하면서도 편안한 느낌을 주며, 여름 데일리룩에 활용하기 좋습니다.",베이직 캐주얼,화이트,"S, M, L",49000,여름
피케_카라티셔츠_0036.jpg,크로스 스톤 긴팔 폴로 (블랙),"블랙 컬러의 슬림핏 긴팔 폴로셔츠입니다. 스톤 장식의 크로스 디테일이 힙하면서도 유니크한 느낌을 주며, 스트릿 캐주얼룩에 포인트를 주기 좋습니다.",스트릿 힙,블랙,"S, M",79000,사계절
피케_카라티셔츠_0037.jpg,스트라이프 긴팔 럭비티 (네이비),"네이비와 아이보리, 그린 스트라이프 패턴의 럭비티입니다. 네이비 카라와 넉넉한 핏이 빈티지하면서도 캐주얼한 느낌을 주며, 데일리룩에 활용하기 좋습니다.",빈티지 스트라이프,"네이비, 아이보리, 그린","S, M, L",75000,"봄, 가을"
피케_카라티셔츠_0038.jpg,베이직 긴팔 폴로 니트 (블랙),"블랙 컬러의 베이직 긴팔 폴로 니트입니다. 깔끔한 디자인과 니트 소재가 포멀하면서도 세련된 느낌을 주며, 오피스룩이나 데일리룩에 활용하기 좋습니다.",모던 베이직,블랙,"S, M, L",95000,"가을, 겨울"
피케_카라티셔츠_0039.jpg,하프 집업 럭비 스웨트셔츠 (그레이),"그레이 컬러의 하프 집업 럭비 스웨트셔츠입니다. ""GOOD VIBES CLUB"" 레터링 자수가 스포티하면서도 캐주얼한 느낌을 주며, 데일리룩에 활용하기 좋습니다.",굿 바이브 클럽,"그레이, 네이비","M, L",95000,"봄, 가을, 겨울"
피케_카라티셔츠_0040.jpg,벤셔먼 사틴 럭비티 (핑크),"핑크 컬러의 사틴 소재 럭비티입니다. 브라운 배색 카라와 소매, ""Ben Sherman 63"" 로고 프린팅이 빈티지하면서도 유니크한 느낌을 주며, 스트릿 캐주얼룩에 포인트를 주기 좋습니다.",벤셔먼,"핑크, 브라운","S, M, L",110000,"봄, 가을"
